block_id,block_row,block_col,block_area_m2,n_buildings,n_roads,canopy_frac,imperv_frac,ndvi,tree_density,biodiversity,pm25,temperature,impervious_surfaces,population_exposure,uehi_score,risk_level
R00_C00,0,0,62146.2,5,0,0.0012,0.7251,0.1997,0.1472,0.3523,3.8,34.64,0.7251,101.1,20.76,Critical
R00_C01,0,1,62146.1,41,0,0.0011,0.8113,0.1996,0.1426,0.3878,3.8,34.51,0.8113,83.7,20.58,Critical
R00_C02,0,2,62146.0,47,0,0.0007,0.4012,0.2,0.0926,0.3358,3.8,32.9,0.4012,87.8,24.83,Critical
R00_C03,0,3,62145.9,4,0,0.0004,0.0553,0.2001,0.0516,0.3777,3.8,34.16,0.0553,53.0,30.54,High
R00_C04,0,4,62145.8,0,0,0.0007,0.0015,0.2002,0.0834,0.4458,3.8,35.21,0.0015,57.4,31.83,High
R00_C05,0,5,62145.7,0,0,0.0004,0.0061,0.2001,0.0546,0.3342,3.8,34.69,0.0061,56.5,30.6,High
R00_C06,0,6,62145.6,0,0,0.0005,0.0152,0.2002,0.0668,0.315,3.8,34.49,0.0152,50.8,30.55,High
R00_C07,0,7,62145.5,0,0,0.003,0.0,0.201,0.3687,0.5086,3.6,34.45,0.0,88.8,32.4,High
R00_C08,0,8,62145.4,23,28,0.0048,0.6319,0.2014,0.6691,0.7209,3.6,32.88,0.6319,132.4,26.39,High
R00_C09,0,9,62145.3,87,38,0.0329,1.0,0.205,0.4886,0.4991,3.6,32.51,1.0,154.3,18.57,Critical
R00_C10,0,10,62145.2,15,19,0.0077,0.7931,0.1974,0.1108,0.3212,3.6,34.8,0.7931,216.0,16.12,Critical
R00_C11,0,11,62145.1,38,46,0.0061,1.0,0.1963,0.088,0.2572,3.6,32.77,1.0,237.4,12.49,Critical
R00_C12,0,12,62145.0,107,66,0.0029,1.0,0.1865,0.044,0.3388,3.6,31.74,1.0,178.2,14.65,Critical
R00_C13,0,13,62144.9,135,66,0.0054,1.0,0.1908,0.0804,0.2865,3.6,31.13,1.0,223.3,13.1,Critical
R00_C14,0,14,62144.8,85,74,0.4572,0.9867,0.3595,11.6082,1.0,3.6,29.16,0.9867,151.2,66.31,Moderate
R00_C15,0,15,57870.5,83,46,0.4547,0.6348,0.359,12.3271,1.0,3.6,29.4,0.6348,192.3,70.87,Moderate
R01_C00,1,0,62145.4,4,0,0.0008,0.7014,0.1995,0.1032,0.3337,3.8,30.3,0.7014,87.8,21.21,Critical
R01_C01,1,1,62145.3,19,0,0.0006,0.2696,0.2,0.0804,0.3605,3.8,30.63,0.2696,70.3,27.28,High
R01_C02,1,2,62145.2,1,0,0.0,0.0311,0.2,0.0046,0.272,3.8,32.73,0.0311,85.4,28.52,High
R01_C03,1,3,62145.1,1,0,0.0001,0.005,0.2,0.0167,0.2465,3.8,33.33,0.005,58.7,29.55,High
R01_C04,1,4,62145.0,11,2,0.0042,0.1647,0.2015,0.5219,0.4341,3.8,32.44,0.1647,73.7,30.79,High
R01_C05,1,5,62144.9,1,0,0.0005,0.0241,0.2002,0.0637,0.2749,3.8,30.81,0.0241,78.7,29.11,High
R01_C06,1,6,62144.8,0,0,0.0019,0.0,0.2007,0.2306,0.4121,3.8,30.3,0.0,64.0,31.93,High
R01_C07,1,7,62144.7,0,0,0.0282,0.0,0.2099,3.5882,1.0,3.6,29.69,0.0,100.8,49.11,High
R01_C08,1,8,62144.6,9,20,0.028,0.5469,0.2095,3.9752,1.0,3.6,28.7,0.5469,171.0,41.25,High
R01_C09,1,9,62144.5,35,32,0.0501,0.8741,0.2144,0.748,0.7482,3.6,28.79,0.8741,198.3,22.23,Critical
R01_C10,1,10,62144.4,24,21,0.0207,0.4348,0.2068,0.2898,0.3976,3.6,30.67,0.4348,267.9,20.19,Critical
R01_C11,1,11,62144.3,7,53,0.0149,0.929,0.2,0.2139,0.427,3.6,30.27,0.929,304.4,13.55,Critical
R01_C12,1,12,62144.2,65,70,0.4295,1.0,0.3419,11.4732,1.0,3.6,28.12,1.0,238.6,61.74,Moderate
R01_C13,1,13,62144.1,81,78,0.4398,1.0,0.3476,11.5749,1.0,3.6,26.55,1.0,300.4,59.97,Moderate
R01_C14,1,14,62144.0,100,56,0.4475,0.7948,0.3565,11.5294,1.0,3.6,26.64,0.7948,219.7,66.15,Moderate
R01_C15,1,15,57869.8,82,62,0.4376,0.839,0.3531,12.2588,1.0,3.6,27.35,0.839,268.4,65.44,Moderate
R02_C00,2,0,62144.6,2,0,0.0008,0.1218,0.2002,0.1047,0.2719,3.8,34.98,0.1218,44.6,29.14,High
R02_C01,2,1,62144.5,0,0,0.0,0.0,0.2,0.0061,0.2832,3.8,36.69,0.0,36.6,30.68,High
R02_C02,2,2,62144.4,13,12,0.0233,0.1444,0.2081,2.9571,1.0,3.8,34.24,0.1444,54.2,46.16,High
R02_C03,2,3,62144.3,66,40,0.0279,0.5347,0.2097,3.5503,1.0,3.8,32.13,0.5347,48.5,44.09,High
R02_C04,2,4,62144.2,118,54,0.0286,0.7898,0.21,3.6459,1.0,3.8,31.16,0.7898,77.6,40.29,High
R02_C05,2,5,62144.1,78,56,0.0435,0.5333,0.2152,5.6335,1.0,3.8,29.64,0.5333,77.4,51.37,Moderate
R02_C06,2,6,62144.0,17,34,0.0215,0.3672,0.2075,2.725,1.0,3.8,30.03,0.3672,58.3,42.98,High
R02_C07,2,7,62143.9,4,22,0.0463,1.0,0.2148,6.0796,1.0,3.6,31.22,1.0,99.1,45.95,High
R02_C08,2,8,62143.8,50,64,0.0245,1.0,0.2072,3.4912,1.0,3.6,30.72,1.0,146.0,34.64,High
R02_C09,2,9,62143.7,80,58,0.2072,0.8627,0.2717,3.6323,1.0,3.6,30.69,0.8627,160.9,36.78,High
R02_C10,2,10,62143.6,59,62,0.5193,0.9321,0.3813,14.9934,1.0,3.6,30.49,0.9321,222.3,74.87,Moderate
R02_C11,2,11,62143.5,20,68,0.4494,0.9143,0.3555,11.6509,1.0,3.6,32.83,0.9143,236.5,61.09,Moderate
R02_C12,2,12,62143.4,75,72,0.4479,1.0,0.3549,11.4886,1.0,3.6,29.55,1.0,169.3,64.56,Moderate
R02_C13,2,13,62143.3,84,65,0.4514,0.7863,0.3578,11.4992,1.0,3.6,28.64,0.7863,201.3,66.02,Moderate
R02_C14,2,14,62143.3,119,59,0.4443,0.8251,0.3554,11.522,1.0,3.6,29.2,0.8251,149.9,67.94,Moderate
R02_C15,2,15,57869.0,111,78,0.9398,0.8298,0.5289,12.2524,1.0,3.6,29.31,0.8298,189.9,69.89,Moderate
R03_C00,3,0,62143.8,6,17,0.0002,1.0,0.1979,0.0197,0.2897,3.8,33.61,1.0,65.5,17.4,Critical
R03_C01,3,1,62143.7,7,14,0.0041,0.5407,0.2011,0.5083,0.4969,3.8,33.04,0.5407,54.0,27.35,High
R03_C02,3,2,62143.6,71,52,0.0285,0.6614,0.21,3.6353,1.0,3.8,31.13,0.6614,82.6,41.64,High
R03_C03,3,3,62143.5,98,54,0.0276,0.7489,0.2097,3.5291,1.0,3.8,31.39,0.7489,79.1,40.26,High
R03_C04,3,4,62143.4,101,50,0.0233,0.7804,0.2081,2.9647,1.0,3.8,31.24,0.7804,157.8,34.82,High
R03_C05,3,5,62143.3,85,75,0.0419,0.9294,0.2146,5.4363,1.0,3.8,29.7,0.9294,169.7,41.94,High
R03_C06,3,6,62143.2,19,54,0.0419,1.0,0.2131,5.4894,1.0,3.8,29.23,1.0,126.9,43.13,High
R03_C07,3,7,62143.1,3,12,0.7486,1.0,0.437,5.8946,1.0,3.6,33.92,1.0,202.1,42.17,High
R03_C08,3,8,62143.0,26,38,0.6162,1.0,0.3767,3.379,1.0,3.6,31.22,1.0,252.6,31.71,High
R03_C09,3,9,62142.9,73,70,0.1956,1.0,0.267,3.4715,1.0,3.6,30.52,1.0,229.1,32.09,High
R03_C10,3,10,62142.8,46,53,0.5135,0.6532,0.3796,14.8069,1.0,3.6,28.91,0.6532,317.2,73.25,Moderate
R03_C11,3,11,62142.7,32,114,0.4428,1.0,0.3531,11.5008,1.0,3.6,29.95,1.0,319.7,57.11,Moderate
R03_C12,3,12,62142.6,46,66,0.4449,0.7995,0.3552,11.4113,1.0,3.6,29.02,0.7995,211.4,64.81,Moderate
R03_C13,3,13,62142.6,70,43,0.9501,0.7757,0.5316,11.4159,1.0,3.6,28.81,0.7757,252.2,64.6,Moderate
R03_C14,3,14,62142.5,57,95,0.4109,1.0,0.3433,11.4554,1.0,3.6,30.57,1.0,186.2,62.96,Moderate
R03_C15,3,15,57868.3,72,42,0.8114,0.657,0.4839,12.2558,1.0,3.6,28.68,0.657,240.1,69.28,Moderate
R04_C00,4,0,62143.0,10,50,0.0006,1.0,0.1979,0.0774,0.4106,3.8,32.93,1.0,59.4,19.0,Critical
R04_C01,4,1,62142.9,13,9,0.0044,1.0,0.1988,0.5614,0.5834,3.8,33.48,1.0,48.7,22.82,Critical
R04_C02,4,2,62142.8,41,32,0.0068,0.7743,0.2022,0.8436,0.7732,3.8,32.05,0.7743,80.4,27.57,High
R04_C03,4,3,62142.7,36,54,0.025,0.7955,0.2087,3.1817,1.0,3.8,31.53,0.7955,94.7,37.76,High
R04_C04,4,4,62142.6,47,34,0.024,0.7168,0.2084,3.0558,1.0,3.8,31.0,0.7168,183.4,34.99,High
R04_C05,4,5,62142.5,40,52,0.0237,0.7955,0.2081,3.0194,1.0,3.8,31.18,0.7955,188.1,33.73,High
R04_C06,4,6,62142.4,94,60,0.0419,1.0,0.2131,5.4926,1.0,3.8,30.0,1.0,139.3,42.43,High
R04_C07,4,7,62142.3,12,36,0.0447,1.0,0.2139,5.8931,1.0,3.6,31.93,1.0,197.9,41.05,High
R04_C08,4,8,62142.2,35,54,0.793,1.0,0.47,5.8871,1.0,3.6,31.36,1.0,220.6,42.38,High
R04_C09,4,9,62142.1,72,56,0.0238,0.9304,0.2083,3.3714,1.0,3.6,31.09,0.9304,174.6,33.93,High
R04_C10,4,10,62142.0,57,77,0.5179,0.9321,0.3807,14.8633,1.0,3.6,30.99,0.9321,236.2,73.31,Moderate
R04_C11,4,11,62141.9,79,67,0.4527,0.8469,0.3584,11.4524,1.0,3.6,29.13,0.8469,229.0,63.51,Moderate
R04_C12,4,12,62141.9,62,34,0.9513,0.616,0.5326,11.4084,1.0,3.6,30.0,0.616,143.8,71.39,Moderate
R04_C13,4,13,62141.8,10,42,0.8164,0.8971,0.4832,11.5936,1.0,3.6,30.27,0.8971,190.5,65.77,Moderate
R04_C14,4,14,62141.7,37,70,0.8344,0.9424,0.4905,11.6497,1.0,3.6,32.13,0.9424,145.0,66.78,Moderate
R04_C15,4,15,57867.5,48,25,0.8342,0.4999,0.4908,12.3912,1.0,3.6,31.37,0.4999,190.0,72.77,Moderate
R05_C00,5,0,62142.2,20,23,0.0055,1.0,0.1411,0.0288,0.2249,3.8,35.56,1.0,93.3,15.46,Critical
R05_C01,5,1,62142.1,3,38,0.0041,1.0,0.1988,0.5341,0.5442,3.8,37.72,1.0,80.8,21.15,Critical
R05_C02,5,2,62142.0,24,44,0.0072,0.7922,0.2023,0.9028,0.7736,3.8,34.4,0.7922,137.6,25.53,High
R05_C03,5,3,62141.9,49,88,0.0261,1.0,0.209,3.3259,1.0,3.8,33.08,1.0,157.6,33.21,High
R05_C04,5,4,62141.8,60,81,0.0262,1.0,0.209,3.3305,1.0,3.8,32.62,1.0,272.3,29.27,High
R05_C05,5,5,62141.7,70,87,0.004,1.0,0.2003,0.4977,0.5931,3.8,32.74,1.0,279.4,15.79,Critical
R05_C06,5,6,62141.6,103,99,0.0229,1.0,0.2073,2.9132,1.0,3.8,30.79,1.0,204.6,30.42,High
R05_C07,5,7,62141.5,54,53,0.0206,1.0,0.2068,2.6128,1.0,3.6,31.47,1.0,274.7,26.93,High
R05_C08,5,8,62141.4,42,55,0.0469,0.9835,0.2161,6.1208,1.0,3.6,30.18,0.9835,294.7,38.76,High
R05_C09,5,9,62141.3,57,97,0.0252,1.0,0.2084,3.5611,1.0,3.6,31.72,1.0,235.1,31.52,High
R05_C10,5,10,62141.2,42,85,0.2824,1.0,0.297,5.4696,1.0,3.6,32.83,1.0,305.5,35.92,High
R05_C11,5,11,62141.2,58,123,0.5497,0.9663,0.392,16.772,1.0,3.6,29.09,0.9663,253.5,80.13,Low
R05_C12,5,12,62141.1,26,67,0.4509,0.5943,0.3569,11.5254,1.0,3.6,29.14,0.5943,190.9,68.62,Moderate
R05_C13,5,13,62141.0,52,58,0.4175,0.9514,0.3451,11.4814,1.0,3.6,28.35,0.9514,285.5,59.96,Moderate
R05_C14,5,14,62140.9,39,54,0.4137,1.0,0.3437,11.533,1.0,3.6,30.61,1.0,220.6,61.54,Moderate
R05_C15,5,15,57866.8,88,83,0.7956,0.8996,0.4775,12.3898,1.0,3.6,32.1,0.8996,308.0,61.63,Moderate
R06_C00,6,0,62141.4,0,2,0.0099,0.0345,0.2035,0.0303,0.2694,3.8,36.46,0.0345,85.6,28.51,High
R06_C01,6,1,62141.3,19,37,0.0003,1.0,0.198,0.041,0.422,3.8,35.23,1.0,80.5,18.3,Critical
R06_C02,6,2,62141.2,36,48,0.002,0.7432,0.2005,0.2428,0.4646,3.8,34.22,0.7432,138.8,20.81,Critical
R06_C03,6,3,62141.1,50,77,0.002,1.0,0.2004,0.2428,0.4183,3.8,33.36,1.0,139.3,17.29,Critical
R06_C04,6,4,62141.0,45,77,0.0036,1.0,0.2001,0.4567,0.5289,3.8,32.49,1.0,223.6,16.65,Critical
R06_C05,6,5,62140.9,133,56,0.0003,1.0,0.1986,0.0319,0.3133,3.8,33.69,1.0,226.7,13.09,Critical
R06_C06,6,6,62140.8,150,40,0.0079,1.0,0.202,0.9908,0.8262,3.8,31.69,1.0,167.5,23.04,Critical
R06_C07,6,7,62140.7,113,32,0.0044,1.0,0.2005,0.5584,0.6076,3.6,33.33,1.0,222.2,17.76,Critical
R06_C08,6,8,62140.6,85,84,0.0025,1.0,0.2,0.3171,0.4595,3.6,30.93,1.0,229.6,15.43,Critical
R06_C09,6,9,62140.5,55,76,0.0417,0.8796,0.2143,5.4044,1.0,3.6,29.98,0.8796,173.3,42.22,High
R06_C10,6,10,62140.5,29,32,0.2693,0.5429,0.2933,5.2588,1.0,3.6,29.79,0.5429,225.4,44.23,High
R06_C11,6,11,62140.4,75,28,0.037,0.745,0.2129,5.2952,1.0,3.6,29.35,0.745,187.4,42.99,High
R06_C12,6,12,62140.3,77,67,0.0385,0.8856,0.2134,5.5198,1.0,3.6,29.12,0.8856,172.6,42.82,High
R06_C13,6,13,62140.2,60,181,0.0818,1.0,0.2284,12.2584,1.0,3.6,29.52,1.0,234.8,63.07,Moderate
R06_C14,6,14,62140.1,47,75,0.0794,0.9558,0.2276,11.9504,1.0,3.6,31.52,0.9558,172.9,64.44,Moderate
R06_C15,6,15,57866.1,55,51,0.9182,0.8316,0.5209,12.4877,1.0,3.6,32.55,0.8316,249.0,65.76,Moderate
R07_C00,7,0,62140.6,37,38,0.0006,1.0,0.1981,0.0834,0.3081,3.8,31.55,1.0,151.8,15.32,Critical
R07_C01,7,1,62140.5,60,51,0.0025,1.0,0.1987,0.3171,0.3797,3.8,30.38,1.0,132.7,17.44,Critical
R07_C02,7,2,62140.4,72,63,0.0037,1.0,0.2009,0.4567,0.4983,3.8,30.69,1.0,243.8,15.86,Critical
R07_C03,7,3,62140.3,149,78,0.0016,1.0,0.2003,0.1927,0.4066,3.8,32.23,1.0,203.4,15.18,Critical
R07_C04,7,4,62140.2,175,102,0.0031,1.0,0.1991,0.3899,0.5248,3.8,31.49,1.0,283.3,14.74,Critical
R07_C05,7,5,62140.1,195,134,0.002,1.0,0.1983,0.2488,0.4342,3.8,32.23,1.0,284.9,13.38,Critical
R07_C06,7,6,62140.0,65,58,0.0068,1.0,0.2005,0.8588,0.7329,3.8,31.22,1.0,219.0,20.12,Critical
R07_C07,7,7,62139.9,93,51,0.0048,1.0,0.2008,0.6054,0.6573,3.6,30.8,1.0,298.4,16.3,Critical
R07_C08,7,8,62139.8,81,60,0.0445,1.0,0.2148,5.8111,1.0,3.6,31.54,1.0,306.4,36.71,High
R07_C09,7,9,62139.8,54,99,0.0434,0.9681,0.215,5.6306,1.0,3.6,30.74,0.9681,225.9,39.73,High
R07_C10,7,10,62139.7,80,73,0.8965,0.7981,0.5133,5.3362,1.0,3.6,30.61,0.7981,272.9,41.24,High
R07_C11,7,11,62139.6,84,51,0.0402,0.7769,0.214,5.2619,1.0,3.6,29.45,0.7769,250.9,39.97,High
R07_C12,7,12,62139.5,67,41,0.0411,0.6673,0.2143,5.3135,1.0,3.6,29.38,0.6673,228.1,42.33,High
R07_C13,7,13,62139.4,68,48,0.0416,0.7716,0.2145,5.9735,1.0,3.6,29.72,0.7716,310.6,40.12,High
R07_C14,7,14,62139.3,58,65,0.0897,0.7316,0.2313,12.2571,1.0,3.6,31.86,0.7316,219.2,65.67,Moderate
R07_C15,7,15,57865.3,26,66,0.0033,0.6721,0.201,0.4415,0.5802,3.6,34.97,0.6721,356.3,16.94,Critical
R08_C00,8,0,62139.8,58,80,0.0103,1.0,0.2015,1.3185,0.9092,3.8,31.55,1.0,145.6,25.72,High
R08_C01,8,1,62139.7,61,80,0.0062,1.0,0.2,0.795,0.768,3.8,29.89,1.0,135.5,22.87,Critical
R08_C02,8,2,62139.6,61,65,0.0084,0.913,0.2028,1.0545,0.777,3.8,30.25,0.913,197.4,22.98,Critical
R08_C03,8,3,62139.5,91,96,0.0022,1.0,0.2005,0.2746,0.4914,3.8,32.42,1.0,148.4,17.85,Critical
R08_C04,8,4,62139.4,25,46,0.0005,1.0,0.1989,0.0652,0.2754,3.8,33.32,1.0,190.2,13.85,Critical
R08_C05,8,5,62139.3,29,49,0.0029,1.0,0.1999,0.3626,0.4776,3.8,32.35,1.0,199.1,16.55,Critical
R08_C06,8,6,62139.2,66,72,0.0206,1.0,0.207,2.6051,1.0,3.8,30.58,1.0,156.8,31.01,High
R08_C07,8,7,62139.1,59,85,0.0272,0.9502,0.2093,3.476,1.0,3.6,29.55,0.9502,219.9,32.71,High
R08_C08,8,8,62139.1,62,59,0.0129,1.0,0.204,1.6356,1.0,3.6,30.56,1.0,224.0,25.26,High
R08_C09,8,9,62139.0,41,90,0.0513,1.0,0.2174,6.8141,1.0,3.6,32.17,1.0,159.1,45.84,High
R08_C10,8,10,62138.9,71,54,0.7762,0.9368,0.4698,6.6214,1.0,3.6,30.54,0.9368,209.8,46.39,High
R08_C11,8,11,62138.8,44,66,0.0506,0.8997,0.2176,6.6942,1.0,3.6,30.08,0.8997,212.0,45.07,High
R08_C12,8,12,62138.7,94,54,0.0506,0.7224,0.2177,6.6624,1.0,3.6,29.05,0.7224,170.6,49.1,High
R08_C13,8,13,62138.6,55,71,0.0447,0.921,0.2155,5.8082,1.0,3.6,29.78,0.921,229.6,41.02,High
R08_C14,8,14,62138.5,37,55,0.0025,1.0,0.1991,0.311,0.4407,3.6,31.12,1.0,158.1,17.26,Critical
R08_C15,8,15,57864.6,22,0,0.0039,0.1004,0.2013,0.5198,0.5166,3.6,33.36,0.1004,478.6,19.3,Critical
R09_C00,9,0,62139.0,78,47,0.5256,0.8489,0.3791,1.3231,0.9711,3.8,30.71,0.8489,140.2,29.88,High
R09_C01,9,1,62138.9,78,92,0.0103,0.9915,0.2036,1.3064,0.9258,3.8,29.95,0.9915,117.0,27.03,High
R09_C02,9,2,62138.8,68,90,0.0072,0.9549,0.2024,0.9043,0.7689,3.8,30.9,0.9549,163.6,22.9,Critical
R09_C03,9,3,62138.7,64,79,0.0023,0.9376,0.2006,0.2898,0.3409,3.8,32.35,0.9376,116.8,18.16,Critical
R09_C04,9,4,62138.6,13,32,0.0176,1.0,0.2049,2.2455,1.0,3.8,33.69,1.0,147.8,29.64,High
R09_C05,9,5,62138.5,102,62,0.0192,1.0,0.2057,2.4458,1.0,3.8,30.41,1.0,168.2,30.05,High
R09_C06,9,6,62138.4,107,54,0.02,0.9122,0.207,2.5338,1.0,3.8,29.56,0.9122,145.8,32.33,High
R09_C07,9,7,62138.4,60,97,0.0282,0.9834,0.2098,3.5989,1.0,3.6,29.25,0.9834,245.9,31.89,High
R09_C08,9,8,62138.3,87,106,0.0097,1.0,0.203,1.2275,0.8335,3.6,30.23,1.0,266.6,20.99,Critical
R09_C09,9,9,62138.2,54,60,0.0126,1.0,0.2038,1.6022,1.0,3.6,31.8,1.0,196.8,25.93,High
R09_C10,9,10,62138.1,41,55,0.0113,0.9907,0.2037,1.4368,1.0,3.6,31.04,0.9907,257.8,23.55,Critical
R09_C11,9,11,62138.0,48,63,0.0505,0.9865,0.2175,6.6731,1.0,3.6,29.54,0.9865,270.8,41.78,High
R09_C12,9,12,62137.9,58,59,0.0736,0.7498,0.2257,10.0262,1.0,3.6,28.85,0.7498,214.9,59.22,Moderate
R09_C13,9,13,62137.8,58,57,0.0658,0.6712,0.2229,8.738,1.0,3.6,29.72,0.6712,285.4,51.92,Moderate
R09_C14,9,14,62137.7,64,36,0.0362,1.0,0.2112,4.7095,1.0,3.6,32.35,1.0,195.1,36.87,High
R09_C15,9,15,57863.8,55,0,0.0133,0.3379,0.2046,1.7939,1.0,3.6,30.89,0.3379,749.9,17.09,Critical
R10_C00,10,0,62138.2,11,20,0.0061,0.3717,0.2021,0.7723,0.6545,3.8,32.91,0.3717,59.1,31.82,High
R10_C01,10,1,62138.1,24,18,0.0051,0.3268,0.2017,0.6327,0.6239,3.8,34.47,0.3268,46.9,31.93,High
R10_C02,10,2,62138.0,0,2,0.0002,0.1826,0.2,0.0288,0.2811,3.8,35.79,0.1826,68.7,27.36,High
R10_C03,10,3,62137.9,0,2,0.0,0.1405,0.2,0.0,0.2753,3.8,36.95,0.1405,48.9,28.38,High
R10_C04,10,4,62137.8,2,6,0.0002,0.4021,0.2,0.0243,0.3073,3.8,33.89,0.4021,62.8,25.1,High
R10_C05,10,5,62137.7,51,26,0.0181,0.4527,0.2063,2.2835,1.0,3.8,29.85,0.4527,80.6,39.37,High
R10_C06,10,6,62137.7,34,28,0.0181,0.5345,0.2063,2.2774,1.0,3.8,30.69,0.5345,70.2,38.64,High
R10_C07,10,7,62137.6,33,97,0.0303,1.0,0.2104,3.8842,1.0,3.6,29.2,1.0,123.5,37.24,High
R10_C08,10,8,62137.5,46,86,0.0121,1.0,0.2033,1.5249,1.0,3.6,30.58,1.0,144.6,27.49,High
R10_C09,10,9,62137.4,75,92,0.0017,1.0,0.1996,0.2079,0.3969,3.6,32.47,1.0,101.9,18.11,Critical
R10_C10,10,10,62137.3,33,26,0.0013,1.0,0.1994,0.1608,0.372,3.6,34.1,1.0,136.1,16.65,Critical
R10_C11,10,11,62137.2,56,70,0.0121,1.0,0.204,1.5218,1.0,3.6,29.79,1.0,180.5,26.35,High
R10_C12,10,12,62137.1,86,42,0.7415,0.6063,0.4591,4.7399,1.0,3.6,29.3,0.6063,131.8,46.96,High
R10_C13,10,13,62137.0,55,46,0.0265,1.0,0.2077,3.4168,1.0,3.6,30.79,1.0,166.5,33.61,High
R10_C14,10,14,62136.9,55,12,0.0356,1.0,0.211,4.614,1.0,3.6,32.86,1.0,109.8,39.69,High
R10_C15,10,15,57863.1,33,0,0.0101,0.3411,0.2035,1.3637,0.9785,3.6,30.32,0.3411,411.2,25.46,High
R11_C00,11,0,62137.4,0,0,0.0002,0.0,0.2001,0.0197,0.2433,3.8,38.77,0.0,47.5,29.91,High
R11_C01,11,1,62137.3,0,0,0.0001,0.0,0.2,0.0091,0.3494,3.8,34.52,0.0,35.2,31.43,High
R11_C02,11,2,62137.2,0,6,0.0,0.2265,0.2,0.0,0.2282,3.8,33.43,0.2265,50.8,26.82,High
R11_C03,11,3,62137.1,0,6,0.0001,0.8379,0.1993,0.0076,0.2664,3.8,33.19,0.8379,37.4,20.02,Critical
R11_C04,11,4,62137.1,0,2,0.0001,0.774,0.1993,0.0076,0.3625,3.8,35.42,0.774,54.1,21.22,Critical
R11_C05,11,5,62137.0,41,6,0.0176,0.3806,0.2059,2.2168,1.0,3.8,32.29,0.3806,70.7,40.1,High
R11_C06,11,6,62136.9,31,14,0.0181,0.6215,0.2059,2.2896,1.0,3.8,32.64,0.6215,59.9,37.76,High
R11_C07,11,7,62136.8,13,56,0.0217,1.0,0.2073,2.7569,1.0,3.6,31.48,1.0,106.3,33.28,High
R11_C08,11,8,62136.7,0,12,0.0038,1.0,0.1984,0.487,0.5384,3.6,34.14,1.0,127.4,19.64,Critical
R11_C09,11,9,62136.6,0,6,0.0,0.8516,0.1991,0.003,0.3441,3.6,35.4,0.8516,92.8,18.89,Critical
R11_C10,11,10,62136.5,15,19,0.0261,1.0,0.2091,3.3274,1.0,3.6,34.72,1.0,128.2,34.04,High
R11_C11,11,11,62136.4,44,55,0.0366,1.0,0.2125,4.7384,1.0,3.6,29.55,1.0,164.1,38.81,High
R11_C12,11,12,62136.3,35,22,0.8397,0.4057,0.4937,4.7293,1.0,3.6,29.22,0.4057,111.4,50.54,Moderate
R11_C13,11,13,62136.2,33,14,0.0272,1.0,0.208,3.5019,1.0,3.6,31.42,1.0,124.2,35.37,High
R11_C14,11,14,62136.1,39,18,0.0106,1.0,0.2022,1.3352,1.0,3.6,35.38,1.0,78.6,28.66,High
R11_C15,11,15,57862.3,57,4,0.0097,0.3877,0.2034,1.3116,1.0,3.6,33.36,0.3877,328.7,27.44,High
R12_C00,12,0,62136.6,0,0,0.0,0.0,0.2,0.0,0.2656,3.8,32.96,0.0,27.3,30.86,High
R12_C01,12,1,62136.5,0,8,0.0,0.176,0.2,0.0,0.2527,3.8,30.9,0.176,21.1,28.76,High
R12_C02,12,2,62136.4,0,14,0.0,0.3672,0.2,0.0,0.2953,3.8,31.81,0.3672,27.7,26.54,High
R12_C03,12,3,62136.4,0,2,0.0,0.702,0.1993,0.0,0.3154,3.8,33.42,0.702,20.2,22.74,Critical
R12_C04,12,4,62136.3,0,2,0.0001,1.0,0.199,0.0091,0.2302,3.8,36.09,1.0,32.5,17.74,Critical
R12_C05,12,5,62136.2,50,18,0.0181,0.8506,0.2057,2.2866,1.0,3.8,33.71,0.8506,42.4,35.42,High
R12_C06,12,6,62136.1,29,20,0.0004,0.8186,0.1995,0.0516,0.3459,3.8,34.37,0.8186,36.0,21.25,Critical
R12_C07,12,7,62136.0,10,16,0.0006,1.0,0.1981,0.0804,0.3003,3.6,34.6,1.0,66.5,17.71,Critical
R12_C08,12,8,62135.9,112,48,0.0005,1.0,0.1981,0.0683,0.378,3.6,32.7,1.0,87.4,17.83,Critical
R12_C09,12,9,62135.8,22,18,0.0001,1.0,0.1979,0.0106,0.2129,3.6,33.55,1.0,66.3,16.61,Critical
R12_C10,12,10,62135.7,9,26,0.0304,1.0,0.2105,3.8918,1.0,3.6,32.52,1.0,91.2,37.86,High
R12_C11,12,11,62135.6,67,59,0.0278,1.0,0.2093,3.5717,1.0,3.6,29.4,1.0,105.6,36.7,High
R12_C12,12,12,62135.5,29,46,0.0261,0.5354,0.2091,3.3213,1.0,3.6,30.46,0.5354,65.0,42.86,High
R12_C13,12,13,62135.4,0,2,0.0263,0.1038,0.2092,3.3502,1.0,3.6,32.88,0.1038,65.1,47.9,High
R12_C14,12,14,62135.3,0,10,0.0,0.36,0.2,0.0,0.2368,3.6,35.41,0.36,42.6,25.52,High
R12_C15,12,15,57861.6,0,2,0.0,0.0743,0.2,0.0049,0.2038,3.6,34.92,0.0743,163.4,24.73,Critical
R13_C00,13,0,62135.8,0,0,0.0007,0.0,0.2003,0.0926,0.2599,3.8,30.64,0.0,29.2,31.12,High
R13_C01,13,1,62135.7,0,0,0.0007,0.0,0.2002,0.088,0.4211,3.8,28.7,0.0,22.4,33.0,High
R13_C02,13,2,62135.7,0,6,0.0,0.1468,0.2,0.0015,0.2741,3.8,30.2,0.1468,30.0,29.04,High
R13_C03,13,3,62135.6,0,6,0.0001,0.2005,0.2,0.0106,0.355,3.8,33.25,0.2005,21.4,29.47,High
R13_C04,13,4,62135.5,1,6,0.0,0.5188,0.2,0.0,0.3127,3.8,34.06,0.5188,30.6,24.68,Critical
R13_C05,13,5,62135.4,13,2,0.0011,0.5653,0.1998,0.135,0.4028,3.8,34.09,0.5653,46.7,24.95,Critical
R13_C06,13,6,62135.3,0,0,0.0,0.4476,0.1995,0.0061,0.277,3.8,34.6,0.4476,41.4,24.86,Critical
R13_C07,13,7,62135.2,63,38,0.0001,1.0,0.198,0.0167,0.3661,3.6,35.12,1.0,71.3,17.97,Critical
R13_C08,13,8,62135.1,200,104,0.0,1.0,0.198,0.0061,0.2505,3.6,32.25,1.0,86.7,16.38,Critical
R13_C09,13,9,62135.0,22,12,0.0001,1.0,0.198,0.0182,0.317,3.6,33.59,1.0,65.3,17.7,Critical
R13_C10,13,10,62134.9,5,2,0.0291,1.0,0.2101,3.725,1.0,3.6,32.98,1.0,88.5,37.26,High
R13_C11,13,11,62134.8,15,24,0.0267,1.0,0.2088,3.423,1.0,3.6,31.1,1.0,96.5,36.18,High
R13_C12,13,12,62134.7,5,12,0.0265,0.3305,0.2091,3.3684,1.0,3.6,32.58,0.3305,57.0,45.55,High
R13_C13,13,13,62134.6,0,6,0.0001,0.2782,0.2,0.0167,0.2874,3.6,34.38,0.2782,58.1,26.59,High
R13_C14,13,14,62134.5,0,26,0.0001,0.7757,0.2,0.0091,0.2846,3.6,32.89,0.7757,51.1,20.59,Critical
R13_C15,13,15,57860.9,0,10,0.0,0.3832,0.2,0.0016,0.3025,3.6,32.95,0.3832,211.9,20.51,Critical
R14_C00,14,0,62135.1,0,0,0.011,0.0,0.2039,1.3792,0.95,3.8,29.66,0.0,20.0,43.45,High
R14_C01,14,1,62135.0,0,0,0.0116,0.0,0.2041,1.452,1.0,3.8,29.31,0.0,14.8,44.49,High
R14_C02,14,2,62134.9,0,0,0.0001,0.0046,0.2,0.0137,0.1635,3.8,29.12,0.0046,18.6,30.19,High
R14_C03,14,3,62134.8,0,6,0.0002,0.4517,0.2001,0.0197,0.2215,3.8,31.19,0.4517,13.1,25.3,High
R14_C04,14,4,62134.7,0,4,0.0004,0.7169,0.2001,0.0501,0.3123,3.8,32.4,0.7169,18.4,22.79,Critical
R14_C05,14,5,62134.6,0,2,0.0005,0.7089,0.1997,0.0577,0.3597,3.8,35.46,0.7089,23.3,23.18,Critical
R14_C06,14,6,62134.5,0,2,0.0001,0.7089,0.1996,0.0091,0.2975,3.8,34.22,0.7089,24.7,22.35,Critical
R14_C07,14,7,62134.4,3,4,0.0003,1.0,0.1981,0.0319,0.3332,3.6,35.48,1.0,44.1,18.52,Critical
R14_C08,14,8,62134.3,53,22,0.0003,1.0,0.1981,0.0364,0.3099,3.6,35.22,1.0,49.8,18.14,Critical
R14_C09,14,9,62134.2,0,2,0.0,0.3644,0.2,0.0015,0.3031,3.6,34.43,0.3644,44.0,26.1,High
R14_C10,14,10,62134.1,4,14,0.0065,1.0,0.2022,0.8057,0.6827,3.6,33.54,1.0,55.3,24.54,Critical
R14_C11,14,11,62134.0,3,24,0.0324,1.0,0.2113,4.1453,1.0,3.6,32.43,1.0,48.0,40.5,High
R14_C12,14,12,62133.9,0,26,0.0003,0.4145,0.2001,0.0379,0.2802,3.6,33.71,0.4145,32.0,25.79,High
R14_C13,14,13,62133.8,0,14,0.0,0.3079,0.2,0.0046,0.3202,3.6,33.84,0.3079,38.0,27.2,High
R14_C14,14,14,62133.7,5,18,0.0024,0.3025,0.2008,0.3019,0.4627,3.6,31.36,0.3025,36.5,29.9,High
R14_C15,14,15,57860.1,8,12,0.0029,0.2238,0.201,0.391,0.4828,3.6,30.66,0.2238,178.1,26.56,High
R15_C00,15,0,62134.3,3,0,0.0112,0.0114,0.2039,1.3989,0.9608,3.8,28.48,0.0114,37.7,42.87,High
R15_C01,15,1,62134.2,2,0,0.0111,0.0105,0.2039,1.3868,0.9972,3.8,30.27,0.0105,27.3,43.48,High
R15_C02,15,2,62134.1,0,0,0.0,0.0,0.2,0.0061,0.2915,3.8,29.47,0.0,31.0,31.06,High
R15_C03,15,3,62134.0,0,0,0.0,0.0,0.2,0.0061,0.2672,3.8,28.92,0.0,18.9,31.25,High
R15_C04,15,4,62133.9,0,2,0.0,0.3524,0.2,0.0046,0.3815,3.8,30.3,0.3524,23.8,27.76,High
R15_C05,15,5,62133.8,0,2,0.0,0.3524,0.2,0.0015,0.3094,3.8,31.51,0.3524,26.1,26.93,High
R15_C06,15,6,62133.7,0,2,0.0001,0.3524,0.2,0.0091,0.3121,3.8,31.95,0.3524,25.0,27.01,High
R15_C07,15,7,62133.6,0,2,0.0,0.3524,0.2,0.0015,0.3253,3.6,33.1,0.3524,43.8,26.49,High
R15_C08,15,8,62133.5,0,2,0.0,0.3524,0.2,0.0,0.2924,3.6,33.68,0.3524,52.4,25.86,High
R15_C09,15,9,62133.4,0,4,0.0001,0.7169,0.2001,0.0182,0.3604,3.6,32.61,0.7169,44.7,22.32,Critical
R15_C10,15,10,62133.3,8,46,0.0059,1.0,0.202,0.7359,0.6558,3.6,33.09,1.0,59.3,23.91,Critical
R15_C11,15,11,62133.2,5,38,0.0063,0.4603,0.2022,0.786,0.7195,3.6,33.01,0.4603,50.9,31.73,High
R15_C12,15,12,62133.1,0,20,0.0,0.307,0.2,0.0,0.2784,3.6,32.14,0.307,39.7,26.74,High
R15_C13,15,13,62133.0,0,8,0.0024,0.211,0.2008,0.2943,0.5026,3.6,30.16,0.211,61.0,30.58,High
R15_C14,15,14,62132.9,4,30,0.0053,0.4655,0.2018,0.6539,0.674,3.6,29.84,0.4655,72.7,30.1,High
R15_C15,15,15,57859.4,47,62,0.0046,0.6445,0.2015,0.6094,0.5106,3.6,29.98,0.6445,409.4,15.89,Critical
