block_id,tree_density,ndvi,impervious_surfaces,temperature,population_exposure,pm25
R00_C00,0.108,0.1684,0.529,34.64,101.1,3.8
R00_C01,0.1272,0.2119,0.323,34.51,83.7,3.8
R00_C02,0.0537,0.1888,0.3192,32.9,87.8,3.8
R00_C03,0.0495,0.21,0.0344,34.16,53.0,3.8
R00_C04,0.0651,0.2246,0.0015,35.21,57.4,3.8
R00_C05,0.0429,0.2132,0.0036,34.69,56.5,3.8
R00_C06,0.0527,0.2258,0.0146,34.49,50.8,3.8
R00_C07,0.212,0.2765,0.0,34.45,88.8,3.6
R00_C08,0.3308,0.2928,0.4018,32.88,132.4,3.6
R00_C09,0.1552,0.2076,0.7201,32.51,154.3,3.6
R00_C10,0.0715,0.1512,0.6366,34.8,216.0,3.6
R00_C11,0.087,0.1619,0.7536,32.77,237.4,3.6
R00_C12,0.0419,0.1322,1.0,31.74,178.2,3.6
R00_C13,0.0596,0.1418,1.0,31.13,223.3,3.6
R00_C14,0.2856,0.2747,0.7483,29.16,151.2,3.6
R00_C15,0.4929,0.3596,0.5282,29.4,192.3,3.6
R01_C00,0.0789,0.1835,0.1959,30.3,87.8,3.8
R01_C01,0.0531,0.1941,0.1563,30.63,70.3,3.8
R01_C02,0.0046,0.1932,0.0123,32.73,85.4,3.8
R01_C03,0.0121,0.1791,0.0002,33.33,58.7,3.8
R01_C04,0.1397,0.2381,0.0902,32.44,73.7,3.8
R01_C05,0.0196,0.2327,0.0009,30.81,78.7,3.8
R01_C06,0.105,0.2538,0.0,30.3,64.0,3.8
R01_C07,0.0474,0.2373,0.0,29.69,100.8,3.6
R01_C08,0.3312,0.2799,0.313,28.7,171.0,3.6
R01_C09,0.3053,0.2796,0.5009,28.79,198.3,3.6
R01_C10,0.1366,0.2274,0.2752,30.67,267.9,3.6
R01_C11,0.1514,0.2121,0.5089,30.27,304.4,3.6
R01_C12,0.1844,0.2026,0.8638,28.12,238.6,3.6
R01_C13,0.2354,0.2571,0.7613,26.55,300.4,3.6
R01_C14,0.5265,0.3681,0.5551,26.64,219.7,3.6
R01_C15,0.5729,0.3773,0.6323,27.35,268.4,3.6
R02_C00,0.044,0.2077,0.1137,34.98,44.6,3.8
R02_C01,0.0061,0.1995,0.0,36.69,36.6,3.8
R02_C02,0.0691,0.2244,0.0998,34.24,54.2,3.8
R02_C03,0.3374,0.3024,0.4454,32.13,48.5,3.8
R02_C04,0.3557,0.3186,0.6642,31.16,77.6,3.8
R02_C05,0.3385,0.3095,0.4992,29.64,77.4,3.8
R02_C06,0.4973,0.374,0.2387,30.03,58.3,3.8
R02_C07,0.2087,0.2075,0.9393,31.22,99.1,3.6
R02_C08,0.5948,0.4133,0.5407,30.72,146.0,3.6
R02_C09,0.4531,0.3506,0.6531,30.69,160.9,3.6
R02_C10,0.3528,0.2941,0.685,30.49,222.3,3.6
R02_C11,0.1706,0.2168,0.6913,32.83,236.5,3.6
R02_C12,0.5087,0.3574,0.582,29.55,169.3,3.6
R02_C13,0.6043,0.3958,0.5857,28.64,201.3,3.6
R02_C14,0.5037,0.3594,0.6137,29.2,149.9,3.6
R02_C15,0.5474,0.3839,0.6349,29.31,189.9,3.6
R03_C00,0.0197,0.1719,0.3238,33.61,65.5,3.8
R03_C01,0.0276,0.1818,0.3517,33.04,54.0,3.8
R03_C02,0.3781,0.3277,0.5038,31.13,82.6,3.8
R03_C03,0.5485,0.385,0.5713,31.39,79.1,3.8
R03_C04,0.555,0.3729,0.5766,31.24,157.8,3.8
R03_C05,0.5308,0.3705,0.6929,29.7,169.7,3.8
R03_C06,0.6347,0.4329,0.4567,29.23,126.9,3.8
R03_C07,0.0996,0.12,1.0,33.92,202.1,3.6
R03_C08,0.5195,0.3917,0.6138,31.22,252.6,3.6
R03_C09,0.4571,0.3373,0.683,30.52,229.1,3.6
R03_C10,0.6066,0.41,0.4546,28.91,317.2,3.6
R03_C11,0.4409,0.3287,0.6998,29.95,319.7,3.6
R03_C12,0.5936,0.4031,0.5808,29.02,211.4,3.6
R03_C13,0.6206,0.4188,0.4778,28.81,252.2,3.6
R03_C14,0.4633,0.3368,0.8091,30.57,186.2,3.6
R03_C15,0.6564,0.4081,0.4999,28.68,240.1,3.6
R04_C00,0.0592,0.1548,0.816,32.93,59.4,3.8
R04_C01,0.148,0.1876,0.6153,33.48,48.7,3.8
R04_C02,0.4739,0.3288,0.5013,32.05,80.4,3.8
R04_C03,0.4821,0.3426,0.6533,31.53,94.7,3.8
R04_C04,0.4368,0.3425,0.5586,31.0,183.4,3.8
R04_C05,0.4652,0.3441,0.5911,31.18,188.1,3.8
R04_C06,0.441,0.3432,0.7933,30.0,139.3,3.8
R04_C07,0.2746,0.238,0.9075,31.93,197.9,3.6
R04_C08,0.4968,0.3442,0.7579,31.36,220.6,3.6
R04_C09,0.5068,0.349,0.6426,31.09,174.6,3.6
R04_C10,0.3122,0.2878,0.8086,30.99,236.2,3.6
R04_C11,0.5921,0.3924,0.6113,29.13,229.0,3.6
R04_C12,0.5854,0.3848,0.5047,30.0,143.8,3.6
R04_C13,0.3696,0.298,0.7644,30.27,190.5,3.6
R04_C14,0.3507,0.2942,0.6238,32.13,145.0,3.6
R04_C15,0.3801,0.3065,0.3901,31.37,190.0,3.6
R05_C00,0.0148,0.1656,0.4311,35.56,93.3,3.8
R05_C01,0.0594,0.1519,0.6705,37.72,80.8,3.8
R05_C02,0.1541,0.2309,0.6108,34.4,137.6,3.8
R05_C03,0.2879,0.2657,0.8313,33.08,157.6,3.8
R05_C04,0.239,0.2596,0.8455,32.62,272.3,3.8
R05_C05,0.1687,0.2209,0.8838,32.74,279.4,3.8
R05_C06,0.3633,0.3023,0.807,30.79,204.6,3.8
R05_C07,0.3137,0.2761,0.6181,31.47,274.7,3.6
R05_C08,0.3651,0.2976,0.6734,30.18,294.7,3.6
R05_C09,0.2057,0.2239,0.8593,31.72,235.1,3.6
R05_C10,0.2651,0.2668,0.654,32.83,305.5,3.6
R05_C11,0.4314,0.3356,0.7311,29.09,253.5,3.6
R05_C12,0.4163,0.3238,0.4227,29.14,190.9,3.6
R05_C13,0.5171,0.3536,0.6155,28.35,285.5,3.6
R05_C14,0.4112,0.3179,0.6393,30.61,220.6,3.6
R05_C15,0.5074,0.3494,0.6885,32.1,308.0,3.6
R06_C00,0.0303,0.1904,0.0014,36.46,85.6,3.8
R06_C01,0.0208,0.1391,0.6681,35.23,80.5,3.8
R06_C02,0.1248,0.2213,0.499,34.22,138.8,3.8
R06_C03,0.175,0.229,0.7841,33.36,139.3,3.8
R06_C04,0.1861,0.2206,0.927,32.49,223.6,3.8
R06_C05,0.0303,0.1237,1.0,33.69,226.7,3.8
R06_C06,0.1542,0.2078,0.9321,31.69,167.5,3.8
R06_C07,0.2156,0.2173,0.7176,33.33,222.2,3.6
R06_C08,0.2015,0.229,0.8468,30.93,229.6,3.6
R06_C09,0.4078,0.3199,0.5974,29.98,173.3,3.6
R06_C10,0.705,0.4488,0.2591,29.79,225.4,3.6
R06_C11,0.4965,0.3575,0.5423,29.35,187.4,3.6
R06_C12,0.4844,0.3495,0.6213,29.12,172.6,3.6
R06_C13,0.3785,0.3049,0.9333,29.52,234.8,3.6
R06_C14,0.5001,0.3539,0.6658,31.52,172.9,3.6
R06_C15,0.4473,0.3461,0.5604,32.55,249.0,3.6
R07_C00,0.0749,0.1603,0.8732,31.55,151.8,3.8
R07_C01,0.2033,0.2224,0.831,30.38,132.7,3.8
R07_C02,0.2303,0.2369,0.8267,30.69,243.8,3.8
R07_C03,0.1658,0.2262,0.8643,32.23,203.4,3.8
R07_C04,0.2967,0.2631,0.9099,31.49,283.3,3.8
R07_C05,0.0676,0.1418,1.0,32.23,284.9,3.8
R07_C06,0.2079,0.2332,0.8036,31.22,219.0,3.8
R07_C07,0.3445,0.2935,0.6419,30.8,298.4,3.6
R07_C08,0.2005,0.2092,0.8714,31.54,306.4,3.6
R07_C09,0.4131,0.3219,0.7934,30.74,225.9,3.6
R07_C10,0.5552,0.3851,0.63,30.61,272.9,3.6
R07_C11,0.5755,0.393,0.5995,29.45,250.9,3.6
R07_C12,0.422,0.3242,0.517,29.38,228.1,3.6
R07_C13,0.3703,0.3167,0.5616,29.72,310.6,3.6
R07_C14,0.2985,0.2904,0.6087,31.86,219.2,3.6
R07_C15,0.179,0.2337,0.5307,34.97,356.3,3.6
R08_C00,0.192,0.2116,0.9213,31.55,145.6,3.8
R08_C01,0.3661,0.3079,0.7001,29.89,135.5,3.8
R08_C02,0.3291,0.2858,0.6873,30.25,197.4,3.8
R08_C03,0.1544,0.2204,0.9248,32.42,148.4,3.8
R08_C04,0.0615,0.1687,0.7092,33.32,190.2,3.8
R08_C05,0.129,0.1978,0.6835,32.35,199.1,3.8
R08_C06,0.2531,0.2626,0.7209,30.58,156.8,3.8
R08_C07,0.4189,0.3165,0.5861,29.55,219.9,3.6
R08_C08,0.3899,0.3081,0.6284,30.56,224.0,3.6
R08_C09,0.369,0.2909,0.8133,32.17,159.1,3.6
R08_C10,0.5353,0.3578,0.5775,30.54,209.8,3.6
R08_C11,0.442,0.3423,0.6219,30.08,212.0,3.6
R08_C12,0.4972,0.3587,0.568,29.05,170.6,3.6
R08_C13,0.3758,0.309,0.5832,29.78,229.6,3.6
R08_C14,0.2233,0.2308,0.6107,31.12,158.1,3.6
R08_C15,0.2121,0.2582,0.0833,33.36,478.6,3.6
R09_C00,0.3469,0.3135,0.6872,30.71,140.2,3.8
R09_C01,0.4095,0.3341,0.7844,29.95,117.0,3.8
R09_C02,0.2104,0.2463,0.8531,30.9,163.6,3.8
R09_C03,0.2152,0.2532,0.6873,32.35,116.8,3.8
R09_C04,0.0347,0.1291,0.761,33.69,147.8,3.8
R09_C05,0.3605,0.3024,0.6696,30.41,168.2,3.8
R09_C06,0.4604,0.349,0.6884,29.56,145.8,3.8
R09_C07,0.3654,0.3105,0.7268,29.25,245.9,3.6
R09_C08,0.4097,0.3124,0.7523,30.23,266.6,3.6
R09_C09,0.1556,0.2047,0.8893,31.8,196.8,3.6
R09_C10,0.3105,0.2815,0.5879,31.04,257.8,3.6
R09_C11,0.4268,0.3276,0.6415,29.54,270.8,3.6
R09_C12,0.428,0.3392,0.5267,28.85,214.9,3.6
R09_C13,0.4647,0.3208,0.4841,29.72,285.4,3.6
R09_C14,0.1793,0.192,0.7336,32.35,195.1,3.6
R09_C15,0.4369,0.3387,0.2954,30.89,749.9,3.6
R10_C00,0.3341,0.3075,0.3043,32.91,59.1,3.8
R10_C01,0.1242,0.235,0.213,34.47,46.9,3.8
R10_C02,0.0167,0.1977,0.0802,35.79,68.7,3.8
R10_C03,0.0,0.183,0.0427,36.95,48.9,3.8
R10_C04,0.0028,0.2117,0.0641,33.89,62.8,3.8
R10_C05,0.4159,0.3466,0.2686,29.85,80.6,3.8
R10_C06,0.5203,0.3607,0.2534,30.69,70.2,3.8
R10_C07,0.3902,0.317,0.7508,29.2,123.5,3.6
R10_C08,0.2469,0.2497,0.7801,30.58,144.6,3.6
R10_C09,0.1109,0.1547,1.0,32.47,101.9,3.6
R10_C10,0.1155,0.2207,0.4372,34.1,136.1,3.6
R10_C11,0.3258,0.284,0.8046,29.79,180.5,3.6
R10_C12,0.5126,0.3772,0.4654,29.3,131.8,3.6
R10_C13,0.3879,0.2863,0.677,30.79,166.5,3.6
R10_C14,0.1235,0.1892,0.4868,32.86,109.8,3.6
R10_C15,0.597,0.4033,0.2523,30.32,411.2,3.6
R11_C00,0.0182,0.2209,0.0,38.77,47.5,3.8
R11_C01,0.0091,0.2102,0.0,34.52,35.2,3.8
R11_C02,0.0,0.1986,0.1046,33.43,50.8,3.8
R11_C03,0.0076,0.2111,0.0594,33.19,37.4,3.8
R11_C04,0.0043,0.147,0.3564,35.42,54.1,3.8
R11_C05,0.3643,0.3015,0.2036,32.29,70.7,3.8
R11_C06,0.1239,0.2064,0.3158,32.64,59.9,3.8
R11_C07,0.2909,0.2562,0.8223,31.48,106.3,3.6
R11_C08,0.0952,0.2083,0.0795,34.14,127.4,3.6
R11_C09,0.003,0.1442,0.1924,35.4,92.8,3.6
R11_C10,0.0091,0.2023,0.2736,34.72,128.2,3.6
R11_C11,0.3844,0.3105,0.9029,29.55,164.1,3.6
R11_C12,0.7026,0.4231,0.2644,29.22,111.4,3.6
R11_C13,0.3531,0.2845,0.3166,31.42,124.2,3.6
R11_C14,0.1244,0.2256,0.2825,35.38,78.6,3.6
R11_C15,0.5,0.3729,0.3013,33.36,328.7,3.6
R12_C00,0.0,0.2294,0.0,32.96,27.3,3.8
R12_C01,0.0,0.2346,0.0258,30.9,21.1,3.8
R12_C02,0.0,0.2226,0.1649,31.81,27.7,3.8
R12_C03,0.0,0.1918,0.1111,33.42,20.2,3.8
R12_C04,0.0091,0.1291,0.4702,36.09,32.5,3.8
R12_C05,0.1905,0.2245,0.3603,33.71,42.4,3.8
R12_C06,0.0462,0.1581,0.435,34.37,36.0,3.8
R12_C07,0.0492,0.2223,0.1483,34.6,66.5,3.6
R12_C08,0.0101,0.1172,1.0,32.7,87.4,3.6
R12_C09,0.0059,0.1709,0.3528,33.55,66.3,3.6
R12_C10,0.2928,0.2918,0.6242,32.52,91.2,3.6
R12_C11,0.5639,0.3711,1.0,29.4,105.6,3.6
R12_C12,0.4224,0.3665,0.3132,30.46,65.0,3.6
R12_C13,0.0364,0.2498,0.0123,32.88,65.1,3.6
R12_C14,0.0,0.2181,0.1822,35.41,42.6,3.6
R12_C15,0.0049,0.226,0.0119,34.92,163.4,3.6
R13_C00,0.011,0.2623,0.0,30.64,29.2,3.8
R13_C01,0.0724,0.261,0.0,28.7,22.4,3.8
R13_C02,0.0015,0.2305,0.0564,30.2,30.0,3.8
R13_C03,0.0106,0.2231,0.0891,33.25,21.4,3.8
R13_C04,0.0,0.2126,0.0186,34.06,30.6,3.8
R13_C05,0.135,0.2245,0.1488,34.09,46.7,3.8
R13_C06,0.0015,0.1364,0.2799,34.6,41.4,3.8
R13_C07,0.0137,0.1761,0.4042,35.12,71.3,3.6
R13_C08,0.0061,0.0909,1.0,32.25,86.7,3.6
R13_C09,0.0182,0.2047,0.1359,33.59,65.3,3.6
R13_C10,0.1335,0.272,0.3571,32.98,88.5,3.6
R13_C11,0.358,0.2642,1.0,31.1,96.5,3.6
R13_C12,0.0645,0.2362,0.2234,32.58,57.0,3.6
R13_C13,0.0116,0.2405,0.1001,34.38,58.1,3.6
R13_C14,0.009,0.2118,0.2684,32.89,51.1,3.6
R13_C15,0.0016,0.2193,0.124,32.95,211.9,3.6
R14_C00,0.0863,0.2646,0.0,29.66,20.0,3.8
R14_C01,0.2132,0.3041,0.0,29.31,14.8,3.8
R14_C02,0.0115,0.2279,0.0046,29.12,18.6,3.8
R14_C03,0.0197,0.194,0.0793,31.19,13.1,3.8
R14_C04,0.0501,0.2609,0.0832,32.4,18.4,3.8
R14_C05,0.0046,0.2196,0.0733,35.46,23.3,3.8
R14_C06,0.0076,0.2137,0.0742,34.22,24.7,3.8
R14_C07,0.0196,0.2197,0.0574,35.48,44.1,3.6
R14_C08,0.0335,0.1974,0.3338,35.22,49.8,3.6
R14_C09,0.0,0.2227,0.0589,34.43,44.0,3.6
R14_C10,0.3686,0.3195,0.1107,33.54,55.3,3.6
R14_C11,0.3536,0.3351,0.3306,32.43,48.0,3.6
R14_C12,0.0254,0.2488,0.1902,33.71,32.0,3.6
R14_C13,0.0004,0.195,0.1715,33.84,38.0,3.6
R14_C14,0.0184,0.2272,0.1165,31.36,36.5,3.6
R14_C15,0.2458,0.2902,0.182,30.66,178.1,3.6
R15_C00,0.8627,0.4827,0.0114,28.48,37.7,3.8
R15_C01,0.2344,0.3006,0.0044,30.27,27.3,3.8
R15_C02,0.0032,0.2274,0.0,29.47,31.0,3.8
R15_C03,0.0059,0.2313,0.0,28.92,18.9,3.8
R15_C04,0.0,0.2141,0.0295,30.3,23.8,3.8
R15_C05,0.0015,0.2252,0.0506,31.51,26.1,3.8
R15_C06,0.0091,0.234,0.0495,31.95,25.0,3.8
R15_C07,0.0015,0.2159,0.0484,33.1,43.8,3.6
R15_C08,0.0,0.2104,0.049,33.68,52.4,3.6
R15_C09,0.0152,0.2341,0.0522,32.61,44.7,3.6
R15_C10,0.0622,0.2437,0.424,33.09,59.3,3.6
R15_C11,0.214,0.2969,0.3561,33.01,50.9,3.6
R15_C12,0.0,0.2169,0.1637,32.14,39.7,3.6
R15_C13,0.0033,0.2243,0.1142,30.16,61.0,3.6
R15_C14,0.323,0.3163,0.2219,29.84,72.7,3.6
R15_C15,0.3681,0.3137,0.498,29.98,409.4,3.6
