block_id,block_row,block_col,block_area_m2,n_buildings,n_roads,canopy_frac,imperv_frac,ndvi,tree_density,pm25,temperature,impervious_surfaces,population_exposure,uehi_score,risk_level
R00_C00,0,0,62146.2,5,0,0.108,0.529,0.1684,0.108,3.8,34.64,0.529,101.1,39.79,High
R00_C01,0,1,62146.1,41,0,0.1272,0.323,0.2119,0.1272,3.8,34.51,0.323,83.7,47.86,High
R00_C02,0,2,62146.0,47,0,0.0537,0.3192,0.1888,0.0537,3.8,32.9,0.3192,87.8,43.79,High
R00_C03,0,3,62145.9,4,0,0.0495,0.0344,0.21,0.0495,3.8,34.16,0.0344,53.0,53.5,Moderate
R00_C04,0,4,62145.8,0,0,0.0651,0.0015,0.2246,0.0651,3.8,35.21,0.0015,57.4,55.09,Moderate
R00_C05,0,5,62145.7,0,0,0.0429,0.0036,0.2132,0.0429,3.8,34.69,0.0036,56.5,53.83,Moderate
R00_C06,0,6,62145.6,0,0,0.0527,0.0146,0.2258,0.0527,3.8,34.49,0.0146,50.8,54.5,Moderate
R00_C07,0,7,62145.5,0,0,0.212,0.0,0.2765,0.212,3.6,34.45,0.0,88.8,61.73,Moderate
R00_C08,0,8,62145.4,23,28,0.3308,0.4018,0.2928,0.3308,3.6,32.88,0.4018,132.4,55.02,Moderate
R00_C09,0,9,62145.3,87,38,0.1552,0.7201,0.2076,0.1552,3.6,32.51,0.7201,154.3,35.25,High
R00_C10,0,10,62145.2,15,19,0.0715,0.6366,0.1512,0.0715,3.6,34.8,0.6366,216.0,29.67,High
R00_C11,0,11,62145.1,38,46,0.087,0.7536,0.1619,0.087,3.6,32.77,0.7536,237.4,26.74,High
R00_C12,0,12,62145.0,107,66,0.0419,1.0,0.1322,0.0419,3.6,31.74,1.0,178.2,20.07,Critical
R00_C13,0,13,62144.9,135,66,0.0596,1.0,0.1418,0.0596,3.6,31.13,1.0,223.3,19.38,Critical
R00_C14,0,14,62144.8,85,74,0.2856,0.7483,0.2747,0.2856,3.6,29.16,0.7483,151.2,43.07,High
R00_C15,0,15,57870.5,83,46,0.4929,0.5282,0.3596,0.4929,3.6,29.4,0.5282,192.3,58.98,Moderate
R01_C00,1,0,62145.4,4,0,0.0789,0.1959,0.1835,0.0789,3.8,30.3,0.1959,87.8,48.76,High
R01_C01,1,1,62145.3,19,0,0.0531,0.1563,0.1941,0.0531,3.8,30.63,0.1563,70.3,49.41,High
R01_C02,1,2,62145.2,1,0,0.0046,0.0123,0.1932,0.0046,3.8,32.73,0.0123,85.4,49.88,High
R01_C03,1,3,62145.1,1,0,0.0121,0.0002,0.1791,0.0121,3.8,33.33,0.0002,58.7,51.87,Moderate
R01_C04,1,4,62145.0,11,2,0.1397,0.0902,0.2381,0.1397,3.8,32.44,0.0902,73.7,56.13,Moderate
R01_C05,1,5,62144.9,1,0,0.0196,0.0009,0.2327,0.0196,3.8,30.81,0.0009,78.7,51.84,Moderate
R01_C06,1,6,62144.8,0,0,0.105,0.0,0.2538,0.105,3.8,30.3,0.0,64.0,57.73,Moderate
R01_C07,1,7,62144.7,0,0,0.0474,0.0,0.2373,0.0474,3.6,29.69,0.0,100.8,52.39,Moderate
R01_C08,1,8,62144.6,9,20,0.3312,0.313,0.2799,0.3312,3.6,28.7,0.313,171.0,56.52,Moderate
R01_C09,1,9,62144.5,35,32,0.3053,0.5009,0.2796,0.3053,3.6,28.79,0.5009,198.3,48.59,High
R01_C10,1,10,62144.4,24,21,0.1366,0.2752,0.2274,0.1366,3.6,30.67,0.2752,267.9,41.19,High
R01_C11,1,11,62144.3,7,53,0.1514,0.5089,0.2121,0.1514,3.6,30.27,0.5089,304.4,34.2,High
R01_C12,1,12,62144.2,65,70,0.1844,0.8638,0.2026,0.1844,3.6,28.12,0.8638,238.6,29.93,High
R01_C13,1,13,62144.1,81,78,0.2354,0.7613,0.2571,0.2354,3.6,26.55,0.7613,300.4,33.48,High
R01_C14,1,14,62144.0,100,56,0.5265,0.5551,0.3681,0.5265,3.6,26.64,0.5551,219.7,59.95,Moderate
R01_C15,1,15,57869.8,82,62,0.5729,0.6323,0.3773,0.5729,3.6,27.35,0.6323,268.4,57.53,Moderate
R02_C00,2,0,62144.6,2,0,0.044,0.1137,0.2077,0.044,3.8,34.98,0.1137,44.6,51.34,Moderate
R02_C01,2,1,62144.5,0,0,0.0061,0.0,0.1995,0.0061,3.8,36.69,0.0,36.6,52.87,Moderate
R02_C02,2,2,62144.4,13,12,0.0691,0.0998,0.2244,0.0691,3.8,34.24,0.0998,54.2,52.78,Moderate
R02_C03,2,3,62144.3,66,40,0.3374,0.4454,0.3024,0.3374,3.8,32.13,0.4454,48.5,59.11,Moderate
R02_C04,2,4,62144.2,118,54,0.3557,0.6642,0.3186,0.3557,3.8,31.16,0.6642,77.6,52.86,Moderate
R02_C05,2,5,62144.1,78,56,0.3385,0.4992,0.3095,0.3385,3.8,29.64,0.4992,77.4,56.95,Moderate
R02_C06,2,6,62144.0,17,34,0.4973,0.2387,0.374,0.4973,3.8,30.03,0.2387,58.3,74.95,Moderate
R02_C07,2,7,62143.9,4,22,0.2087,0.9393,0.2075,0.2087,3.6,31.22,0.9393,99.1,34.88,High
R02_C08,2,8,62143.8,50,64,0.5948,0.5407,0.4133,0.5948,3.6,30.72,0.5407,146.0,66.73,Moderate
R02_C09,2,9,62143.7,80,58,0.4531,0.6531,0.3506,0.4531,3.6,30.69,0.6531,160.9,54.55,Moderate
R02_C10,2,10,62143.6,59,62,0.3528,0.685,0.2941,0.3528,3.6,30.49,0.685,222.3,44.69,High
R02_C11,2,11,62143.5,20,68,0.1706,0.6913,0.2168,0.1706,3.6,32.83,0.6913,236.5,33.14,High
R02_C12,2,12,62143.4,75,72,0.5087,0.582,0.3574,0.5087,3.6,29.55,0.582,169.3,59.6,Moderate
R02_C13,2,13,62143.3,84,65,0.6043,0.5857,0.3958,0.6043,3.6,28.64,0.5857,201.3,63.76,Moderate
R02_C14,2,14,62143.3,119,59,0.5037,0.6137,0.3594,0.5037,3.6,29.2,0.6137,149.9,59.75,Moderate
R02_C15,2,15,57869.0,111,78,0.5474,0.6349,0.3839,0.5474,3.6,29.31,0.6349,189.9,59.52,Moderate
R03_C00,3,0,62143.8,6,17,0.0197,0.3238,0.1719,0.0197,3.8,33.61,0.3238,65.5,42.73,High
R03_C01,3,1,62143.7,7,14,0.0276,0.3517,0.1818,0.0276,3.8,33.04,0.3517,54.0,43.07,High
R03_C02,3,2,62143.6,71,52,0.3781,0.5038,0.3277,0.3781,3.8,31.13,0.5038,82.6,58.42,Moderate
R03_C03,3,3,62143.5,98,54,0.5485,0.5713,0.385,0.5485,3.8,31.39,0.5713,79.1,66.64,Moderate
R03_C04,3,4,62143.4,101,50,0.555,0.5766,0.3729,0.555,3.8,31.24,0.5766,157.8,62.2,Moderate
R03_C05,3,5,62143.3,85,75,0.5308,0.6929,0.3705,0.5308,3.8,29.7,0.6929,169.7,57.83,Moderate
R03_C06,3,6,62143.2,19,54,0.6347,0.4567,0.4329,0.6347,3.8,29.23,0.4567,126.9,73.4,Moderate
R03_C07,3,7,62143.1,3,12,0.0996,1.0,0.12,0.0996,3.6,33.92,1.0,202.1,21.8,Critical
R03_C08,3,8,62143.0,26,38,0.5195,0.6138,0.3917,0.5195,3.6,31.22,0.6138,252.6,54.31,Moderate
R03_C09,3,9,62142.9,73,70,0.4571,0.683,0.3373,0.4571,3.6,30.52,0.683,229.1,50.29,Moderate
R03_C10,3,10,62142.8,46,53,0.6066,0.4546,0.41,0.6066,3.6,28.91,0.4546,317.2,60.62,Moderate
R03_C11,3,11,62142.7,32,114,0.4409,0.6998,0.3287,0.4409,3.6,29.95,0.6998,319.7,44.58,High
R03_C12,3,12,62142.6,46,66,0.5936,0.5808,0.4031,0.5936,3.6,29.02,0.5808,211.4,62.59,Moderate
R03_C13,3,13,62142.6,70,43,0.6206,0.4778,0.4188,0.6206,3.6,28.81,0.4778,252.2,64.64,Moderate
R03_C14,3,14,62142.5,57,95,0.4633,0.8091,0.3368,0.4633,3.6,30.57,0.8091,186.2,49.48,High
R03_C15,3,15,57868.3,72,42,0.6564,0.4999,0.4081,0.6564,3.6,28.68,0.4999,240.1,66.67,Moderate
R04_C00,4,0,62143.0,10,50,0.0592,0.816,0.1548,0.0592,3.8,32.93,0.816,59.4,31.14,High
R04_C01,4,1,62142.9,13,9,0.148,0.6153,0.1876,0.148,3.8,33.48,0.6153,48.7,42.4,High
R04_C02,4,2,62142.8,41,32,0.4739,0.5013,0.3288,0.4739,3.8,32.05,0.5013,80.4,63.51,Moderate
R04_C03,4,3,62142.7,36,54,0.4821,0.6533,0.3426,0.4821,3.8,31.53,0.6533,94.7,59.29,Moderate
R04_C04,4,4,62142.6,47,34,0.4368,0.5586,0.3425,0.4368,3.8,31.0,0.5586,183.4,54.76,Moderate
R04_C05,4,5,62142.5,40,52,0.4652,0.5911,0.3441,0.4652,3.8,31.18,0.5911,188.1,55.08,Moderate
R04_C06,4,6,62142.4,94,60,0.441,0.7933,0.3432,0.441,3.8,30.0,0.7933,139.3,51.42,Moderate
R04_C07,4,7,62142.3,12,36,0.2746,0.9075,0.238,0.2746,3.6,31.93,0.9075,197.9,34.9,High
R04_C08,4,8,62142.2,35,54,0.4968,0.7579,0.3442,0.4968,3.6,31.36,0.7579,220.6,50.54,Moderate
R04_C09,4,9,62142.1,72,56,0.5068,0.6426,0.349,0.5068,3.6,31.09,0.6426,174.6,56.77,Moderate
R04_C10,4,10,62142.0,57,77,0.3122,0.8086,0.2878,0.3122,3.6,30.99,0.8086,236.2,38.44,High
R04_C11,4,11,62141.9,79,67,0.5921,0.6113,0.3924,0.5921,3.6,29.13,0.6113,229.0,60.54,Moderate
R04_C12,4,12,62141.9,62,34,0.5854,0.5047,0.3848,0.5854,3.6,30.0,0.5047,143.8,67.43,Moderate
R04_C13,4,13,62141.8,10,42,0.3696,0.7644,0.298,0.3696,3.6,30.27,0.7644,190.5,45.17,High
R04_C14,4,14,62141.7,37,70,0.3507,0.6238,0.2942,0.3507,3.6,32.13,0.6238,145.0,49.6,High
R04_C15,4,15,57867.5,48,25,0.3801,0.3901,0.3065,0.3801,3.6,31.37,0.3901,190.0,55.44,Moderate
R05_C00,5,0,62142.2,20,23,0.0148,0.4311,0.1656,0.0148,3.8,35.56,0.4311,93.3,38.0,High
R05_C01,5,1,62142.1,3,38,0.0594,0.6705,0.1519,0.0594,3.8,37.72,0.6705,80.8,33.89,High
R05_C02,5,2,62142.0,24,44,0.1541,0.6108,0.2309,0.1541,3.8,34.4,0.6108,137.6,38.85,High
R05_C03,5,3,62141.9,49,88,0.2879,0.8313,0.2657,0.2879,3.8,33.08,0.8313,157.6,39.44,High
R05_C04,5,4,62141.8,60,81,0.239,0.8455,0.2596,0.239,3.8,32.62,0.8455,272.3,31.42,High
R05_C05,5,5,62141.7,70,87,0.1687,0.8838,0.2209,0.1687,3.8,32.74,0.8838,279.4,26.26,High
R05_C06,5,6,62141.6,103,99,0.3633,0.807,0.3023,0.3633,3.8,30.79,0.807,204.6,42.84,High
R05_C07,5,7,62141.5,54,53,0.3137,0.6181,0.2761,0.3137,3.6,31.47,0.6181,274.7,41.38,High
R05_C08,5,8,62141.4,42,55,0.3651,0.6734,0.2976,0.3651,3.6,30.18,0.6734,294.7,42.22,High
R05_C09,5,9,62141.3,57,97,0.2057,0.8593,0.2239,0.2057,3.6,31.72,0.8593,235.1,30.87,High
R05_C10,5,10,62141.2,42,85,0.2651,0.654,0.2668,0.2651,3.6,32.83,0.654,305.5,36.18,High
R05_C11,5,11,62141.2,58,123,0.4314,0.7311,0.3356,0.4314,3.6,29.09,0.7311,253.5,46.98,High
R05_C12,5,12,62141.1,26,67,0.4163,0.4227,0.3238,0.4163,3.6,29.14,0.4227,190.9,57.45,Moderate
R05_C13,5,13,62141.0,52,58,0.5171,0.6155,0.3536,0.5171,3.6,28.35,0.6155,285.5,53.33,Moderate
R05_C14,5,14,62140.9,39,54,0.4112,0.6393,0.3179,0.4112,3.6,30.61,0.6393,220.6,49.24,High
R05_C15,5,15,57866.8,88,83,0.5074,0.6885,0.3494,0.5074,3.6,32.1,0.6885,308.0,48.09,High
R06_C00,6,0,62141.4,0,2,0.0303,0.0014,0.1904,0.0303,3.8,36.46,0.0014,85.6,51.36,Moderate
R06_C01,6,1,62141.3,19,37,0.0208,0.6681,0.1391,0.0208,3.8,35.23,0.6681,80.5,32.02,High
R06_C02,6,2,62141.2,36,48,0.1248,0.499,0.2213,0.1248,3.8,34.22,0.499,138.8,40.27,High
R06_C03,6,3,62141.1,50,77,0.175,0.7841,0.229,0.175,3.8,33.36,0.7841,139.3,35.27,High
R06_C04,6,4,62141.0,45,77,0.1861,0.927,0.2206,0.1861,3.8,32.49,0.927,223.6,28.37,High
R06_C05,6,5,62140.9,133,56,0.0303,1.0,0.1237,0.0303,3.8,33.69,1.0,226.7,17.4,Critical
R06_C06,6,6,62140.8,150,40,0.1542,0.9321,0.2078,0.1542,3.8,31.69,0.9321,167.5,28.98,High
R06_C07,6,7,62140.7,113,32,0.2156,0.7176,0.2173,0.2156,3.6,33.33,0.7176,222.2,35.27,High
R06_C08,6,8,62140.6,85,84,0.2015,0.8468,0.229,0.2015,3.6,30.93,0.8468,229.6,31.42,High
R06_C09,6,9,62140.5,55,76,0.4078,0.5974,0.3199,0.4078,3.6,29.98,0.5974,173.3,52.91,Moderate
R06_C10,6,10,62140.5,29,32,0.705,0.2591,0.4488,0.705,3.6,29.79,0.2591,225.4,76.2,Low
R06_C11,6,11,62140.4,75,28,0.4965,0.5423,0.3575,0.4965,3.6,29.35,0.5423,187.4,59.08,Moderate
R06_C12,6,12,62140.3,77,67,0.4844,0.6213,0.3495,0.4844,3.6,29.12,0.6213,172.6,57.15,Moderate
R06_C13,6,13,62140.2,60,181,0.3785,0.9333,0.3049,0.3785,3.6,29.52,0.9333,234.8,39.36,High
R06_C14,6,14,62140.1,47,75,0.5001,0.6658,0.3539,0.5001,3.6,31.52,0.6658,172.9,55.74,Moderate
R06_C15,6,15,57866.1,55,51,0.4473,0.5604,0.3461,0.4473,3.6,32.55,0.5604,249.0,51.21,Moderate
R07_C00,7,0,62140.6,37,38,0.0749,0.8732,0.1603,0.0749,3.8,31.55,0.8732,151.8,26.56,High
R07_C01,7,1,62140.5,60,51,0.2033,0.831,0.2224,0.2033,3.8,30.38,0.831,132.7,36.3,High
R07_C02,7,2,62140.4,72,63,0.2303,0.8267,0.2369,0.2303,3.8,30.69,0.8267,243.8,32.91,High
R07_C03,7,3,62140.3,149,78,0.1658,0.8643,0.2262,0.1658,3.8,32.23,0.8643,203.4,29.95,High
R07_C04,7,4,62140.2,175,102,0.2967,0.9099,0.2631,0.2967,3.8,31.49,0.9099,283.3,32.49,High
R07_C05,7,5,62140.1,195,134,0.0676,1.0,0.1418,0.0676,3.8,32.23,1.0,284.9,17.36,Critical
R07_C06,7,6,62140.0,65,58,0.2079,0.8036,0.2332,0.2079,3.8,31.22,0.8036,219.0,33.3,High
R07_C07,7,7,62139.9,93,51,0.3445,0.6419,0.2935,0.3445,3.6,30.8,0.6419,298.4,41.56,High
R07_C08,7,8,62139.8,81,60,0.2005,0.8714,0.2092,0.2005,3.6,31.54,0.8714,306.4,27.18,High
R07_C09,7,9,62139.8,54,99,0.4131,0.7934,0.3219,0.4131,3.6,30.74,0.7934,225.9,45.01,High
R07_C10,7,10,62139.7,80,73,0.5552,0.63,0.3851,0.5552,3.6,30.61,0.63,272.9,54.86,Moderate
R07_C11,7,11,62139.6,84,51,0.5755,0.5995,0.393,0.5755,3.6,29.45,0.5995,250.9,58.57,Moderate
R07_C12,7,12,62139.5,67,41,0.422,0.517,0.3242,0.422,3.6,29.38,0.517,228.1,53.16,Moderate
R07_C13,7,13,62139.4,68,48,0.3703,0.5616,0.3167,0.3703,3.6,29.72,0.5616,310.6,44.88,High
R07_C14,7,14,62139.3,58,65,0.2985,0.6087,0.2904,0.2985,3.6,31.86,0.6087,219.2,43.57,High
R07_C15,7,15,57865.3,26,66,0.179,0.5307,0.2337,0.179,3.6,34.97,0.5307,356.3,32.2,High
R08_C00,8,0,62139.8,58,80,0.192,0.9213,0.2116,0.192,3.8,31.55,0.9213,145.6,32.3,High
R08_C01,8,1,62139.7,61,80,0.3661,0.7001,0.3079,0.3661,3.8,29.89,0.7001,135.5,49.71,High
R08_C02,8,2,62139.6,61,65,0.3291,0.6873,0.2858,0.3291,3.8,30.25,0.6873,197.4,44.56,High
R08_C03,8,3,62139.5,91,96,0.1544,0.9248,0.2204,0.1544,3.8,32.42,0.9248,148.4,30.03,High
R08_C04,8,4,62139.4,25,46,0.0615,0.7092,0.1687,0.0615,3.8,33.32,0.7092,190.2,28.59,High
R08_C05,8,5,62139.3,29,49,0.129,0.6835,0.1978,0.129,3.8,32.35,0.6835,199.1,32.74,High
R08_C06,8,6,62139.2,66,72,0.2531,0.7209,0.2626,0.2531,3.8,30.58,0.7209,156.8,41.23,High
R08_C07,8,7,62139.1,59,85,0.4189,0.5861,0.3165,0.4189,3.6,29.55,0.5861,219.9,51.47,Moderate
R08_C08,8,8,62139.1,62,59,0.3899,0.6284,0.3081,0.3899,3.6,30.56,0.6284,224.0,48.15,High
R08_C09,8,9,62139.0,41,90,0.369,0.8133,0.2909,0.369,3.6,32.17,0.8133,159.1,44.66,High
R08_C10,8,10,62138.9,71,54,0.5353,0.5775,0.3578,0.5353,3.6,30.54,0.5775,209.8,58.42,Moderate
R08_C11,8,11,62138.8,44,66,0.442,0.6219,0.3423,0.442,3.6,30.08,0.6219,212.0,52.22,Moderate
R08_C12,8,12,62138.7,94,54,0.4972,0.568,0.3587,0.4972,3.6,29.05,0.568,170.6,59.52,Moderate
R08_C13,8,13,62138.6,55,71,0.3758,0.5832,0.309,0.3758,3.6,29.78,0.5832,229.6,48.59,High
R08_C14,8,14,62138.5,37,55,0.2233,0.6107,0.2308,0.2233,3.6,31.12,0.6107,158.1,42.14,High
R08_C15,8,15,57864.6,22,0,0.2121,0.0833,0.2582,0.2121,3.6,33.36,0.0833,478.6,39.48,High
R09_C00,9,0,62139.0,78,47,0.3469,0.6872,0.3135,0.3469,3.8,30.71,0.6872,140.2,48.55,High
R09_C01,9,1,62138.9,78,92,0.4095,0.7844,0.3341,0.4095,3.8,29.95,0.7844,117.0,51.02,Moderate
R09_C02,9,2,62138.8,68,90,0.2104,0.8531,0.2463,0.2104,3.8,30.9,0.8531,163.6,34.81,High
R09_C03,9,3,62138.7,64,79,0.2152,0.6873,0.2532,0.2152,3.8,32.35,0.6873,116.8,41.55,High
R09_C04,9,4,62138.6,13,32,0.0347,0.761,0.1291,0.0347,3.8,33.69,0.761,147.8,27.21,High
R09_C05,9,5,62138.5,102,62,0.3605,0.6696,0.3024,0.3605,3.8,30.41,0.6696,168.2,48.31,High
R09_C06,9,6,62138.4,107,54,0.4604,0.6884,0.349,0.4604,3.8,29.56,0.6884,145.8,55.24,Moderate
R09_C07,9,7,62138.4,60,97,0.3654,0.7268,0.3105,0.3654,3.6,29.25,0.7268,245.9,43.66,High
R09_C08,9,8,62138.3,87,106,0.4097,0.7523,0.3124,0.4097,3.6,30.23,0.7523,266.6,43.99,High
R09_C09,9,9,62138.2,54,60,0.1556,0.8893,0.2047,0.1556,3.6,31.8,0.8893,196.8,28.93,High
R09_C10,9,10,62138.1,41,55,0.3105,0.5879,0.2815,0.3105,3.6,31.04,0.5879,257.8,42.99,High
R09_C11,9,11,62138.0,48,63,0.4268,0.6415,0.3276,0.4268,3.6,29.54,0.6415,270.8,47.93,High
R09_C12,9,12,62137.9,58,59,0.428,0.5267,0.3392,0.428,3.6,28.85,0.5267,214.9,54.29,Moderate
R09_C13,9,13,62137.8,58,57,0.4647,0.4841,0.3208,0.4647,3.6,29.72,0.4841,285.4,53.04,Moderate
R09_C14,9,14,62137.7,64,36,0.1793,0.7336,0.192,0.1793,3.6,32.35,0.7336,195.1,34.16,High
R09_C15,9,15,57863.8,55,0,0.4369,0.2954,0.3387,0.4369,3.6,30.89,0.2954,749.9,33.66,High
R10_C00,10,0,62138.2,11,20,0.3341,0.3043,0.3075,0.3341,3.8,32.91,0.3043,59.1,62.11,Moderate
R10_C01,10,1,62138.1,24,18,0.1242,0.213,0.235,0.1242,3.8,34.47,0.213,46.9,52.98,Moderate
R10_C02,10,2,62138.0,0,2,0.0167,0.0802,0.1977,0.0167,3.8,35.79,0.0802,68.7,49.45,High
R10_C03,10,3,62137.9,0,2,0.0,0.0427,0.183,0.0,3.8,36.95,0.0427,48.9,50.51,Moderate
R10_C04,10,4,62137.8,2,6,0.0028,0.0641,0.2117,0.0028,3.8,33.89,0.0641,62.8,49.68,High
R10_C05,10,5,62137.7,51,26,0.4159,0.2686,0.3466,0.4159,3.8,29.85,0.2686,80.6,67.91,Moderate
R10_C06,10,6,62137.7,34,28,0.5203,0.2534,0.3607,0.5203,3.8,30.69,0.2534,70.2,74.62,Moderate
R10_C07,10,7,62137.6,33,97,0.3902,0.7508,0.317,0.3902,3.6,29.2,0.7508,123.5,50.67,Moderate
R10_C08,10,8,62137.5,46,86,0.2469,0.7801,0.2497,0.2469,3.6,30.58,0.7801,144.6,39.78,High
R10_C09,10,9,62137.4,75,92,0.1109,1.0,0.1547,0.1109,3.6,32.47,1.0,101.9,27.01,High
R10_C10,10,10,62137.3,33,26,0.1155,0.4372,0.2207,0.1155,3.6,34.1,0.4372,136.1,41.65,High
R10_C11,10,11,62137.2,56,70,0.3258,0.8046,0.284,0.3258,3.6,29.79,0.8046,180.5,42.24,High
R10_C12,10,12,62137.1,86,42,0.5126,0.4654,0.3772,0.5126,3.6,29.3,0.4654,131.8,65.46,Moderate
R10_C13,10,13,62137.0,55,46,0.3879,0.677,0.2863,0.3879,3.6,30.79,0.677,166.5,49.42,High
R10_C14,10,14,62136.9,55,12,0.1235,0.4868,0.1892,0.1235,3.6,32.86,0.4868,109.8,41.82,High
R10_C15,10,15,57863.1,33,0,0.597,0.2523,0.4033,0.597,3.6,30.32,0.2523,411.2,59.06,Moderate
R11_C00,11,0,62137.4,0,0,0.0182,0.0,0.2209,0.0182,3.8,38.77,0.0,47.5,53.05,Moderate
R11_C01,11,1,62137.3,0,0,0.0091,0.0,0.2102,0.0091,3.8,34.52,0.0,35.2,53.27,Moderate
R11_C02,11,2,62137.2,0,6,0.0,0.1046,0.1986,0.0,3.8,33.43,0.1046,50.8,48.89,High
R11_C03,11,3,62137.1,0,6,0.0076,0.0594,0.2111,0.0076,3.8,33.19,0.0594,37.4,51.43,Moderate
R11_C04,11,4,62137.1,0,2,0.0043,0.3564,0.147,0.0043,3.8,35.42,0.3564,54.1,41.25,High
R11_C05,11,5,62137.0,41,6,0.3643,0.2036,0.3015,0.3643,3.8,32.29,0.2036,70.7,66.06,Moderate
R11_C06,11,6,62136.9,31,14,0.1239,0.3158,0.2064,0.1239,3.8,32.64,0.3158,59.9,49.31,High
R11_C07,11,7,62136.8,13,56,0.2909,0.8223,0.2562,0.2909,3.6,31.48,0.8223,106.3,42.71,High
R11_C08,11,8,62136.7,0,12,0.0952,0.0795,0.2083,0.0952,3.6,34.14,0.0795,127.4,50.7,Moderate
R11_C09,11,9,62136.6,0,6,0.003,0.1924,0.1442,0.003,3.6,35.4,0.1924,92.8,43.87,High
R11_C10,11,10,62136.5,15,19,0.0091,0.2736,0.2023,0.0091,3.6,34.72,0.2736,128.2,40.82,High
R11_C11,11,11,62136.4,44,55,0.3844,0.9029,0.3105,0.3844,3.6,29.55,0.9029,164.1,43.95,High
R11_C12,11,12,62136.3,35,22,0.7026,0.2644,0.4231,0.7026,3.6,29.22,0.2644,111.4,83.45,Low
R11_C13,11,13,62136.2,33,14,0.3531,0.3166,0.2845,0.3531,3.6,31.42,0.3166,124.2,59.39,Moderate
R11_C14,11,14,62136.1,39,18,0.1244,0.2825,0.2256,0.1244,3.6,35.38,0.2825,78.6,49.17,High
R11_C15,11,15,57862.3,57,4,0.5,0.3013,0.3729,0.5,3.6,33.36,0.3013,328.7,56.06,Moderate
R12_C00,12,0,62136.6,0,0,0.0,0.0,0.2294,0.0,3.8,32.96,0.0,27.3,53.45,Moderate
R12_C01,12,1,62136.5,0,8,0.0,0.0258,0.2346,0.0,3.8,30.9,0.0258,21.1,53.14,Moderate
R12_C02,12,2,62136.4,0,14,0.0,0.1649,0.2226,0.0,3.8,31.81,0.1649,27.7,48.66,High
R12_C03,12,3,62136.4,0,2,0.0,0.1111,0.1918,0.0,3.8,33.42,0.1111,20.2,50.24,Moderate
R12_C04,12,4,62136.3,0,2,0.0091,0.4702,0.1291,0.0091,3.8,36.09,0.4702,32.5,39.11,High
R12_C05,12,5,62136.2,50,18,0.1905,0.3603,0.2245,0.1905,3.8,33.71,0.3603,42.4,52.6,Moderate
R12_C06,12,6,62136.1,29,20,0.0462,0.435,0.1581,0.0462,3.8,34.37,0.435,36.0,42.28,High
R12_C07,12,7,62136.0,10,16,0.0492,0.1483,0.2223,0.0492,3.6,34.6,0.1483,66.5,49.69,High
R12_C08,12,8,62135.9,112,48,0.0101,1.0,0.1172,0.0101,3.6,32.7,1.0,87.4,21.79,Critical
R12_C09,12,9,62135.8,22,18,0.0059,0.3528,0.1709,0.0059,3.6,33.55,0.3528,66.3,41.17,High
R12_C10,12,10,62135.7,9,26,0.2928,0.6242,0.2918,0.2928,3.6,32.52,0.6242,91.2,49.15,High
R12_C11,12,11,62135.6,67,59,0.5639,1.0,0.3711,0.5639,3.6,29.4,1.0,105.6,55.01,Moderate
R12_C12,12,12,62135.5,29,46,0.4224,0.3132,0.3665,0.4224,3.6,30.46,0.3132,65.0,67.96,Moderate
R12_C13,12,13,62135.4,0,2,0.0364,0.0123,0.2498,0.0364,3.6,32.88,0.0123,65.1,53.3,Moderate
R12_C14,12,14,62135.3,0,10,0.0,0.1822,0.2181,0.0,3.6,35.41,0.1822,42.6,47.32,High
R12_C15,12,15,57861.6,0,2,0.0049,0.0119,0.226,0.0049,3.6,34.92,0.0119,163.4,46.22,High
R13_C00,13,0,62135.8,0,0,0.011,0.0,0.2623,0.011,3.8,30.64,0.0,29.2,54.37,Moderate
R13_C01,13,1,62135.7,0,0,0.0724,0.0,0.261,0.0724,3.8,28.7,0.0,22.4,58.41,Moderate
R13_C02,13,2,62135.7,0,6,0.0015,0.0564,0.2305,0.0015,3.8,30.2,0.0564,30.0,51.84,Moderate
R13_C03,13,3,62135.6,0,6,0.0106,0.0891,0.2231,0.0106,3.8,33.25,0.0891,21.4,51.72,Moderate
R13_C04,13,4,62135.5,1,6,0.0,0.0186,0.2126,0.0,3.8,34.06,0.0186,30.6,52.54,Moderate
R13_C05,13,5,62135.4,13,2,0.135,0.1488,0.2245,0.135,3.8,34.09,0.1488,46.7,55.33,Moderate
R13_C06,13,6,62135.3,0,0,0.0015,0.2799,0.1364,0.0015,3.8,34.6,0.2799,41.4,43.8,High
R13_C07,13,7,62135.2,63,38,0.0137,0.4042,0.1761,0.0137,3.6,35.12,0.4042,71.3,39.9,High
R13_C08,13,8,62135.1,200,104,0.0061,1.0,0.0909,0.0061,3.6,32.25,1.0,86.7,21.34,Critical
R13_C09,13,9,62135.0,22,12,0.0182,0.1359,0.2047,0.0182,3.6,33.59,0.1359,65.3,48.33,High
R13_C10,13,10,62134.9,5,2,0.1335,0.3571,0.272,0.1335,3.6,32.98,0.3571,88.5,47.86,High
R13_C11,13,11,62134.8,15,24,0.358,1.0,0.2642,0.358,3.6,31.1,1.0,96.5,42.15,High
R13_C12,13,12,62134.7,5,12,0.0645,0.2234,0.2362,0.0645,3.6,32.58,0.2234,57.0,49.19,High
R13_C13,13,13,62134.6,0,6,0.0116,0.1001,0.2405,0.0116,3.6,34.38,0.1001,58.1,49.71,High
R13_C14,13,14,62134.5,0,26,0.009,0.2684,0.2118,0.009,3.6,32.89,0.2684,51.1,44.92,High
R13_C15,13,15,57860.9,0,10,0.0016,0.124,0.2193,0.0016,3.6,32.95,0.124,211.9,40.65,High
R14_C00,14,0,62135.1,0,0,0.0863,0.0,0.2646,0.0863,3.8,29.66,0.0,20.0,59.31,Moderate
R14_C01,14,1,62135.0,0,0,0.2132,0.0,0.3041,0.2132,3.8,29.31,0.0,14.8,67.5,Moderate
R14_C02,14,2,62134.9,0,0,0.0115,0.0046,0.2279,0.0115,3.8,29.12,0.0046,18.6,54.52,Moderate
R14_C03,14,3,62134.8,0,6,0.0197,0.0793,0.194,0.0197,3.8,31.19,0.0793,13.1,52.72,Moderate
R14_C04,14,4,62134.7,0,4,0.0501,0.0832,0.2609,0.0501,3.8,32.4,0.0832,18.4,54.68,Moderate
R14_C05,14,5,62134.6,0,2,0.0046,0.0733,0.2196,0.0046,3.8,35.46,0.0733,23.3,51.66,Moderate
R14_C06,14,6,62134.5,0,2,0.0076,0.0742,0.2137,0.0076,3.8,34.22,0.0742,24.7,51.68,Moderate
R14_C07,14,7,62134.4,3,4,0.0196,0.0574,0.2197,0.0196,3.6,35.48,0.0574,44.1,51.82,Moderate
R14_C08,14,8,62134.3,53,22,0.0335,0.3338,0.1974,0.0335,3.6,35.22,0.3338,49.8,44.2,High
R14_C09,14,9,62134.2,0,2,0.0,0.0589,0.2227,0.0,3.6,34.43,0.0589,44.0,50.82,Moderate
R14_C10,14,10,62134.1,4,14,0.3686,0.1107,0.3195,0.3686,3.6,33.54,0.1107,55.3,69.61,Moderate
R14_C11,14,11,62134.0,3,24,0.3536,0.3306,0.3351,0.3536,3.6,32.43,0.3306,48.0,63.56,Moderate
R14_C12,14,12,62133.9,0,26,0.0254,0.1902,0.2488,0.0254,3.6,33.71,0.1902,32.0,49.37,High
R14_C13,14,13,62133.8,0,14,0.0004,0.1715,0.195,0.0004,3.6,33.84,0.1715,38.0,47.67,High
R14_C14,14,14,62133.7,5,18,0.0184,0.1165,0.2272,0.0184,3.6,31.36,0.1165,36.5,50.71,Moderate
R14_C15,14,15,57860.1,8,12,0.2458,0.182,0.2902,0.2458,3.6,30.66,0.182,178.1,54.56,Moderate
R15_C00,15,0,62134.3,3,0,0.8627,0.0114,0.4827,0.8627,3.8,28.48,0.0114,37.7,100.0,Low
R15_C01,15,1,62134.2,2,0,0.2344,0.0044,0.3006,0.2344,3.8,30.27,0.0044,27.3,67.6,Moderate
R15_C02,15,2,62134.1,0,0,0.0032,0.0,0.2274,0.0032,3.8,29.47,0.0,31.0,53.48,Moderate
R15_C03,15,3,62134.0,0,0,0.0059,0.0,0.2313,0.0059,3.8,28.92,0.0,18.9,54.35,Moderate
R15_C04,15,4,62133.9,0,2,0.0,0.0295,0.2141,0.0,3.8,30.3,0.0295,23.8,52.68,Moderate
R15_C05,15,5,62133.8,0,2,0.0015,0.0506,0.2252,0.0015,3.8,31.51,0.0506,26.1,52.13,Moderate
R15_C06,15,6,62133.7,0,2,0.0091,0.0495,0.234,0.0091,3.8,31.95,0.0495,25.0,52.73,Moderate
R15_C07,15,7,62133.6,0,2,0.0015,0.0484,0.2159,0.0015,3.6,33.1,0.0484,43.8,51.16,Moderate
R15_C08,15,8,62133.5,0,2,0.0,0.049,0.2104,0.0,3.6,33.68,0.049,52.4,50.54,Moderate
R15_C09,15,9,62133.4,0,4,0.0152,0.0522,0.2341,0.0152,3.6,32.61,0.0522,44.7,51.96,Moderate
R15_C10,15,10,62133.3,8,46,0.0622,0.424,0.2437,0.0622,3.6,33.09,0.424,59.3,43.32,High
R15_C11,15,11,62133.2,5,38,0.214,0.3561,0.2969,0.214,3.6,33.01,0.3561,50.9,54.48,Moderate
R15_C12,15,12,62133.1,0,20,0.0,0.1637,0.2169,0.0,3.6,32.14,0.1637,39.7,48.05,High
R15_C13,15,13,62133.0,0,8,0.0033,0.1142,0.2243,0.0033,3.6,30.16,0.1142,61.0,48.64,High
R15_C14,15,14,62132.9,4,30,0.323,0.2219,0.3163,0.323,3.6,29.84,0.2219,72.7,64.14,Moderate
R15_C15,15,15,57859.4,47,62,0.3681,0.498,0.3137,0.3681,3.6,29.98,0.498,409.4,41.46,High
