block_id,block_row,block_col,block_area_m2,n_buildings,n_roads,canopy_frac,imperv_frac,ndvi,tree_density,biodiversity,aqi,temperature,impervious_surfaces,water_availability,population_exposure,uehi_score,risk_level
R00_C00,0,0,62146.2,5,0,0.0012,0.7251,0.1997,0.1472,0.4385,138.5,35.02,0.7251,0.1214,38.1,26.11,High
R00_C01,0,1,62146.1,41,0,0.0011,0.8113,0.1996,0.1426,0.3464,140.8,35.02,0.8113,0.1565,169.8,21.41,Critical
R00_C02,0,2,62146.0,47,0,0.0007,0.4012,0.2,0.0926,0.3009,130.1,35.95,0.4012,0.2358,171.2,24.45,Critical
R00_C03,0,3,62145.9,4,0,0.0004,0.0553,0.2001,0.0516,0.2734,114.4,30.0,0.0553,0.3003,73.4,39.9,High
R00_C04,0,4,62145.8,0,0,0.0007,0.0015,0.2002,0.0834,0.2856,115.5,28.74,0.0015,0.2275,52.5,41.33,High
R00_C05,0,5,62145.7,0,0,0.0004,0.0061,0.2001,0.0546,0.3676,115.5,31.87,0.0061,0.3491,13.8,41.58,High
R00_C06,0,6,62145.6,0,0,0.0005,0.0152,0.2002,0.0668,0.3538,119.0,29.42,0.0152,0.3553,91.4,41.24,High
R00_C07,0,7,62145.5,0,0,0.003,0.0,0.201,0.3687,0.5609,88.2,29.62,0.0,0.3149,49.0,48.84,High
R00_C08,0,8,62145.4,23,28,0.0048,0.6319,0.2014,0.6691,0.6613,74.5,32.46,0.6319,0.1607,58.1,42.08,High
R00_C09,0,9,62145.3,87,38,0.0329,1.0,0.205,0.4886,0.598,118.0,38.59,1.0,0.1148,251.6,18.99,Critical
R00_C10,0,10,62145.2,15,19,0.0077,0.7931,0.1974,0.1108,0.2389,134.9,34.8,0.7931,0.2,109.1,24.0,Critical
R00_C11,0,11,62145.1,38,46,0.0061,1.0,0.1963,0.088,0.3493,161.6,39.39,1.0,0.0848,129.8,11.91,Critical
R00_C12,0,12,62145.0,107,66,0.0029,1.0,0.1865,0.044,0.2938,153.8,38.4,1.0,0.0846,279.1,10.37,Critical
R00_C13,0,13,62144.9,135,66,0.0054,1.0,0.1908,0.0804,0.3342,155.7,37.59,1.0,0.1146,392.5,9.72,Critical
R00_C14,0,14,62144.8,85,74,0.4572,0.9867,0.3595,11.6082,1.0,30.0,25.0,0.9867,0.1097,243.4,71.44,Moderate
R00_C15,0,15,57870.5,83,46,0.4547,0.6348,0.359,12.3271,1.0,30.0,25.0,0.6348,0.1456,284.3,72.26,Moderate
R01_C00,1,0,62145.4,4,0,0.0008,0.7014,0.1995,0.1032,0.3883,143.4,34.03,0.7014,0.1346,92.5,24.93,Critical
R01_C01,1,1,62145.3,19,0,0.0006,0.2696,0.2,0.0804,0.3661,137.6,33.31,0.2696,0.2792,130.1,29.9,High
R01_C02,1,2,62145.2,1,0,0.0,0.0311,0.2,0.0046,0.3618,120.4,29.46,0.0311,0.2977,34.9,42.05,High
R01_C03,1,3,62145.1,1,0,0.0001,0.005,0.2,0.0167,0.297,113.8,29.67,0.005,0.3181,11.8,43.58,High
R01_C04,1,4,62145.0,11,2,0.0042,0.1647,0.2015,0.5219,0.6111,96.7,27.39,0.1647,0.2345,69.6,48.16,High
R01_C05,1,5,62144.9,1,0,0.0005,0.0241,0.2002,0.0637,0.3481,119.2,27.97,0.0241,0.2996,48.6,43.71,High
R01_C06,1,6,62144.8,0,0,0.0019,0.0,0.2007,0.2306,0.4246,107.6,27.74,0.0,0.292,60.8,46.16,High
R01_C07,1,7,62144.7,0,0,0.0282,0.0,0.2099,3.5882,1.0,30.0,25.0,0.0,0.2786,86.5,70.97,Moderate
R01_C08,1,8,62144.6,9,20,0.028,0.5469,0.2095,3.9752,1.0,30.0,25.0,0.5469,0.1648,56.8,68.62,Moderate
R01_C09,1,9,62144.5,35,32,0.0501,0.8741,0.2144,0.748,0.6837,90.3,35.82,0.8741,0.1137,126.2,31.53,High
R01_C10,1,10,62144.4,24,21,0.0207,0.4348,0.2068,0.2898,0.4938,118.9,31.91,0.4348,0.2197,115.3,34.46,High
R01_C11,1,11,62144.3,7,53,0.0149,0.929,0.2,0.2139,0.3848,153.6,36.06,0.929,0.0773,122.1,18.16,Critical
R01_C12,1,12,62144.2,65,70,0.4295,1.0,0.3419,11.4732,1.0,30.0,25.0,1.0,0.1205,183.3,74.7,Moderate
R01_C13,1,13,62144.1,81,78,0.4398,1.0,0.3476,11.5749,1.0,30.0,25.0,1.0,0.0934,239.7,71.09,Moderate
R01_C14,1,14,62144.0,100,56,0.4475,0.7948,0.3565,11.5294,1.0,30.0,25.0,0.7948,0.1368,290.6,69.66,Moderate
R01_C15,1,15,57869.8,82,62,0.4376,0.839,0.3531,12.2588,1.0,30.0,25.0,0.839,0.1543,265.0,72.5,Moderate
R02_C00,2,0,62144.6,2,0,0.0008,0.1218,0.2002,0.1047,0.3501,131.1,32.17,0.1218,0.2527,59.8,34.8,High
R02_C01,2,1,62144.5,0,0,0.0,0.0,0.2,0.0061,0.2864,119.6,29.89,0.0,0.2811,80.2,39.02,High
R02_C02,2,2,62144.4,13,12,0.0233,0.1444,0.2081,2.9571,1.0,30.0,25.0,0.1444,0.2765,61.2,70.4,Moderate
R02_C03,2,3,62144.3,66,40,0.0279,0.5347,0.2097,3.5503,1.0,30.0,25.0,0.5347,0.2186,172.0,62.55,Moderate
R02_C04,2,4,62144.2,118,54,0.0286,0.7898,0.21,3.6459,1.0,30.0,25.0,0.7898,0.1504,352.1,51.27,Moderate
R02_C05,2,5,62144.1,78,56,0.0435,0.5333,0.2152,5.6335,1.0,30.0,25.0,0.5333,0.2377,255.4,62.13,Moderate
R02_C06,2,6,62144.0,17,34,0.0215,0.3672,0.2075,2.725,1.0,30.0,25.0,0.3672,0.2521,94.8,66.54,Moderate
R02_C07,2,7,62143.9,4,22,0.0463,1.0,0.2148,6.0796,1.0,30.0,25.0,1.0,0.0763,68.0,68.33,Moderate
R02_C08,2,8,62143.8,50,64,0.0245,1.0,0.2072,3.4912,1.0,30.0,25.0,1.0,0.0792,154.1,58.78,Moderate
R02_C09,2,9,62143.7,80,58,0.2072,0.8627,0.2717,3.6323,1.0,30.0,25.0,0.8627,0.1649,248.4,57.35,Moderate
R02_C10,2,10,62143.6,59,62,0.5193,0.9321,0.3813,14.9934,1.0,30.0,25.0,0.9321,0.0738,204.6,79.86,Low
R02_C11,2,11,62143.5,20,68,0.4494,0.9143,0.3555,11.6509,1.0,30.0,25.0,0.9143,0.125,95.3,81.27,Low
R02_C12,2,12,62143.4,75,72,0.4479,1.0,0.3549,11.4886,1.0,30.0,25.0,1.0,0.0845,224.2,71.85,Moderate
R02_C13,2,13,62143.3,84,65,0.4514,0.7863,0.3578,11.4992,1.0,30.0,25.0,0.7863,0.1136,291.4,69.26,Moderate
R02_C14,2,14,62143.3,119,59,0.4443,0.8251,0.3554,11.522,1.0,30.0,25.0,0.8251,0.0949,331.7,66.38,Moderate
R02_C15,2,15,57869.0,111,78,0.9398,0.8298,0.5289,12.2524,1.0,30.0,25.0,0.8298,0.1357,350.5,69.7,Moderate
R03_C00,3,0,62143.8,6,17,0.0002,1.0,0.1979,0.0197,0.3084,146.0,37.21,1.0,0.0897,104.6,17.05,Critical
R03_C01,3,1,62143.7,7,14,0.0041,0.5407,0.2011,0.5083,0.5382,99.4,31.79,0.5407,0.1642,72.5,38.03,High
R03_C02,3,2,62143.6,71,52,0.0285,0.6614,0.21,3.6353,1.0,30.0,25.0,0.6614,0.1653,204.8,59.5,Moderate
R03_C03,3,3,62143.5,98,54,0.0276,0.7489,0.2097,3.5291,1.0,30.0,25.0,0.7489,0.1879,299.4,54.44,Moderate
R03_C04,3,4,62143.4,101,50,0.0233,0.7804,0.2081,2.9647,1.0,30.0,25.0,0.7804,0.1811,268.9,54.75,Moderate
R03_C05,3,5,62143.3,85,75,0.0419,0.9294,0.2146,5.4363,1.0,30.0,25.0,0.9294,0.0793,256.7,57.43,Moderate
R03_C06,3,6,62143.2,19,54,0.0419,1.0,0.2131,5.4894,1.0,30.0,25.0,1.0,0.1244,76.3,67.56,Moderate
R03_C07,3,7,62143.1,3,12,0.7486,1.0,0.437,5.8946,1.0,30.0,25.0,1.0,0.115,45.3,74.09,Moderate
R03_C08,3,8,62143.0,26,38,0.6162,1.0,0.3767,3.379,1.0,30.0,25.0,1.0,0.13,103.1,65.14,Moderate
R03_C09,3,9,62142.9,73,70,0.1956,1.0,0.267,3.4715,1.0,30.0,25.0,1.0,0.1179,223.7,56.88,Moderate
R03_C10,3,10,62142.8,46,53,0.5135,0.6532,0.3796,14.8069,1.0,30.0,25.0,0.6532,0.097,143.2,85.26,Low
R03_C11,3,11,62142.7,32,114,0.4428,1.0,0.3531,11.5008,1.0,30.0,25.0,1.0,0.1025,109.0,79.26,Low
R03_C12,3,12,62142.6,46,66,0.4449,0.7995,0.3552,11.4113,1.0,30.0,25.0,0.7995,0.1424,152.0,78.08,Low
R03_C13,3,13,62142.6,70,43,0.9501,0.7757,0.5316,11.4159,1.0,30.0,25.0,0.7757,0.1451,200.5,78.2,Low
R03_C14,3,14,62142.5,57,95,0.4109,1.0,0.3433,11.4554,1.0,30.0,25.0,1.0,0.0911,168.8,75.09,Low
R03_C15,3,15,57868.3,72,42,0.8114,0.657,0.4839,12.2558,1.0,30.0,25.0,0.657,0.1173,228.8,77.14,Low
R04_C00,4,0,62143.0,10,50,0.0006,1.0,0.1979,0.0774,0.405,159.6,36.58,1.0,0.0592,45.0,17.85,Critical
R04_C01,4,1,62142.9,13,9,0.0044,1.0,0.1988,0.5614,0.6399,120.9,34.79,1.0,0.0624,90.3,27.34,High
R04_C02,4,2,62142.8,41,32,0.0068,0.7743,0.2022,0.8436,0.7134,80.8,30.48,0.7743,0.1322,135.7,40.32,High
R04_C03,4,3,62142.7,36,54,0.025,0.7955,0.2087,3.1817,1.0,30.0,25.0,0.7955,0.1398,162.4,59.81,Moderate
R04_C04,4,4,62142.6,47,34,0.024,0.7168,0.2084,3.0558,1.0,30.0,25.0,0.7168,0.1689,183.9,59.32,Moderate
R04_C05,4,5,62142.5,40,52,0.0237,0.7955,0.2081,3.0194,1.0,30.0,25.0,0.7955,0.1396,133.5,60.99,Moderate
R04_C06,4,6,62142.4,94,60,0.0419,1.0,0.2131,5.4926,1.0,30.0,25.0,1.0,0.0805,286.5,55.68,Moderate
R04_C07,4,7,62142.3,12,36,0.0447,1.0,0.2139,5.8931,1.0,30.0,25.0,1.0,0.0547,79.7,66.92,Moderate
R04_C08,4,8,62142.2,35,54,0.793,1.0,0.47,5.8871,1.0,30.0,25.0,1.0,0.1024,172.2,67.15,Moderate
R04_C09,4,9,62142.1,72,56,0.0238,0.9304,0.2083,3.3714,1.0,30.0,25.0,0.9304,0.1147,222.2,56.06,Moderate
R04_C10,4,10,62142.0,57,77,0.5179,0.9321,0.3807,14.8633,1.0,30.0,25.0,0.9321,0.1336,170.9,82.84,Low
R04_C11,4,11,62141.9,79,67,0.4527,0.8469,0.3584,11.4524,1.0,30.0,25.0,0.8469,0.0928,237.8,71.84,Moderate
R04_C12,4,12,62141.9,62,34,0.9513,0.616,0.5326,11.4084,1.0,30.0,25.0,0.616,0.168,237.4,76.93,Low
R04_C13,4,13,62141.8,10,42,0.8164,0.8971,0.4832,11.5936,1.0,30.0,25.0,0.8971,0.082,62.8,84.92,Low
R04_C14,4,14,62141.7,37,70,0.8344,0.9424,0.4905,11.6497,1.0,30.0,25.0,0.9424,0.1155,125.1,81.49,Low
R04_C15,4,15,57867.5,48,25,0.8342,0.4999,0.4908,12.3912,1.0,30.0,25.0,0.4999,0.1886,201.1,81.19,Low
R05_C00,5,0,62142.2,20,23,0.0055,1.0,0.1411,0.0288,0.3026,151.5,38.64,1.0,0.1378,106.1,14.22,Critical
R05_C01,5,1,62142.1,3,38,0.0041,1.0,0.1988,0.5341,0.5654,116.1,35.29,1.0,0.0438,25.1,28.32,High
R05_C02,5,2,62142.0,24,44,0.0072,0.7922,0.2023,0.9028,0.788,79.2,29.1,0.7922,0.1123,115.1,43.46,High
R05_C03,5,3,62141.9,49,88,0.0261,1.0,0.209,3.3259,1.0,30.0,25.0,1.0,0.0916,133.7,59.76,Moderate
R05_C04,5,4,62141.8,60,81,0.0262,1.0,0.209,3.3305,1.0,30.0,25.0,1.0,0.0646,191.8,56.37,Moderate
R05_C05,5,5,62141.7,70,87,0.004,1.0,0.2003,0.4977,0.5378,135.6,33.75,1.0,0.0834,194.7,23.0,Critical
R05_C06,5,6,62141.6,103,99,0.0229,1.0,0.2073,2.9132,1.0,30.0,25.0,1.0,0.1052,307.5,50.63,Moderate
R05_C07,5,7,62141.5,54,53,0.0206,1.0,0.2068,2.6128,1.0,30.0,25.0,1.0,0.1206,175.6,56.79,Moderate
R05_C08,5,8,62141.4,42,55,0.0469,0.9835,0.2161,6.1208,1.0,30.0,25.0,0.9835,0.0924,108.8,66.54,Moderate
R05_C09,5,9,62141.3,57,97,0.0252,1.0,0.2084,3.5611,1.0,30.0,25.0,1.0,0.0911,215.7,56.02,Moderate
R05_C10,5,10,62141.2,42,85,0.2824,1.0,0.297,5.4696,1.0,30.0,25.0,1.0,0.1457,200.0,62.62,Moderate
R05_C11,5,11,62141.2,58,123,0.5497,0.9663,0.392,16.772,1.0,30.0,25.0,0.9663,0.0863,204.0,83.3,Low
R05_C12,5,12,62141.1,26,67,0.4509,0.5943,0.3569,11.5254,1.0,30.0,25.0,0.5943,0.1378,134.0,80.36,Low
R05_C13,5,13,62141.0,52,58,0.4175,0.9514,0.3451,11.4814,1.0,30.0,25.0,0.9514,0.1535,187.6,75.28,Low
R05_C14,5,14,62140.9,39,54,0.4137,1.0,0.3437,11.533,1.0,30.0,25.0,1.0,0.0666,167.2,74.92,Moderate
R05_C15,5,15,57866.8,88,83,0.7956,0.8996,0.4775,12.3898,1.0,30.0,25.0,0.8996,0.1038,295.6,71.76,Moderate
R06_C00,6,0,62141.4,0,2,0.0099,0.0345,0.2035,0.0303,0.4205,129.0,28.97,0.0345,0.3029,10.0,43.19,High
R06_C01,6,1,62141.3,19,37,0.0003,1.0,0.198,0.041,0.3463,153.9,38.53,1.0,0.0882,104.4,14.62,Critical
R06_C02,6,2,62141.2,36,48,0.002,0.7432,0.2005,0.2428,0.4152,135.8,35.86,0.7432,0.129,147.3,22.25,Critical
R06_C03,6,3,62141.1,50,77,0.002,1.0,0.2004,0.2428,0.5097,149.3,40.05,1.0,0.1017,143.2,14.41,Critical
R06_C04,6,4,62141.0,45,77,0.0036,1.0,0.2001,0.4567,0.4978,123.1,35.84,1.0,0.1607,128.6,24.87,Critical
R06_C05,6,5,62140.9,133,56,0.0003,1.0,0.1986,0.0319,0.2909,157.0,39.31,1.0,0.0923,387.3,7.27,Critical
R06_C06,6,6,62140.8,150,40,0.0079,1.0,0.202,0.9908,0.8049,85.8,32.08,1.0,0.1014,405.1,27.68,High
R06_C07,6,7,62140.7,113,32,0.0044,1.0,0.2005,0.5584,0.5551,103.7,35.59,1.0,0.1317,363.8,21.1,Critical
R06_C08,6,8,62140.6,85,84,0.0025,1.0,0.2,0.3171,0.3995,117.8,38.32,1.0,0.1139,267.8,17.02,Critical
R06_C09,6,9,62140.5,55,76,0.0417,0.8796,0.2143,5.4044,1.0,30.0,25.0,0.8796,0.0913,152.2,63.3,Moderate
R06_C10,6,10,62140.5,29,32,0.2693,0.5429,0.2933,5.2588,1.0,30.0,25.0,0.5429,0.2004,120.6,69.67,Moderate
R06_C11,6,11,62140.4,75,28,0.037,0.745,0.2129,5.2952,1.0,30.0,25.0,0.745,0.1577,203.1,62.08,Moderate
R06_C12,6,12,62140.3,77,67,0.0385,0.8856,0.2134,5.5198,1.0,30.0,25.0,0.8856,0.1082,248.8,58.62,Moderate
R06_C13,6,13,62140.2,60,181,0.0818,1.0,0.2284,12.2584,1.0,30.0,25.0,1.0,0.0697,206.2,71.93,Moderate
R06_C14,6,14,62140.1,47,75,0.0794,0.9558,0.2276,11.9504,1.0,30.0,25.0,0.9558,0.0973,145.0,75.75,Low
R06_C15,6,15,57866.1,55,51,0.9182,0.8316,0.5209,12.4877,1.0,30.0,25.0,0.8316,0.132,196.6,79.71,Low
R07_C00,7,0,62140.6,37,38,0.0006,1.0,0.1981,0.0834,0.3591,164.7,40.39,1.0,0.0926,156.5,9.94,Critical
R07_C01,7,1,62140.5,60,51,0.0025,1.0,0.1987,0.3171,0.4026,144.9,39.45,1.0,0.1253,174.6,14.58,Critical
R07_C02,7,2,62140.4,72,63,0.0037,1.0,0.2009,0.4567,0.5659,111.9,35.35,1.0,0.1109,214.7,24.2,Critical
R07_C03,7,3,62140.3,149,78,0.0016,1.0,0.2003,0.1927,0.4078,154.4,40.59,1.0,0.111,405.3,7.24,Critical
R07_C04,7,4,62140.2,175,102,0.0031,1.0,0.1991,0.3899,0.5078,120.3,37.64,1.0,0.0755,483.1,12.89,Critical
R07_C05,7,5,62140.1,195,134,0.002,1.0,0.1983,0.2488,0.357,139.0,36.86,1.0,0.1555,513.4,10.97,Critical
R07_C06,7,6,62140.0,65,58,0.0068,1.0,0.2005,0.8588,0.7743,93.0,35.08,1.0,0.0795,222.1,28.48,High
R07_C07,7,7,62139.9,93,51,0.0048,1.0,0.2008,0.6054,0.5711,114.1,33.67,1.0,0.1206,288.3,24.16,Critical
R07_C08,7,8,62139.8,81,60,0.0445,1.0,0.2148,5.8111,1.0,30.0,25.0,1.0,0.1463,265.3,58.38,Moderate
R07_C09,7,9,62139.8,54,99,0.0434,0.9681,0.215,5.6306,1.0,30.0,25.0,0.9681,0.0797,197.0,60.73,Moderate
R07_C10,7,10,62139.7,80,73,0.8965,0.7981,0.5133,5.3362,1.0,30.0,25.0,0.7981,0.193,235.9,65.72,Moderate
R07_C11,7,11,62139.6,84,51,0.0402,0.7769,0.214,5.2619,1.0,30.0,25.0,0.7769,0.1689,263.8,58.85,Moderate
R07_C12,7,12,62139.5,67,41,0.0411,0.6673,0.2143,5.3135,1.0,30.0,25.0,0.6673,0.1473,211.5,61.87,Moderate
R07_C13,7,13,62139.4,68,48,0.0416,0.7716,0.2145,5.9735,1.0,30.0,25.0,0.7716,0.1826,219.6,62.71,Moderate
R07_C14,7,14,62139.3,58,65,0.0897,0.7316,0.2313,12.2571,1.0,30.0,25.0,0.7316,0.1867,226.3,73.88,Moderate
R07_C15,7,15,57865.3,26,66,0.0033,0.6721,0.201,0.4415,0.48,122.0,34.68,0.6721,0.186,129.6,28.32,High
R08_C00,8,0,62139.8,58,80,0.0103,1.0,0.2015,1.3185,0.941,75.6,33.03,1.0,0.0777,147.9,37.98,High
R08_C01,8,1,62139.7,61,80,0.0062,1.0,0.2,0.795,0.6139,98.8,31.74,1.0,0.0752,221.9,30.31,High
R08_C02,8,2,62139.6,61,65,0.0084,0.913,0.2028,1.0545,0.9026,69.7,32.44,0.913,0.0984,177.8,38.43,High
R08_C03,8,3,62139.5,91,96,0.0022,1.0,0.2005,0.2746,0.4787,129.7,37.64,1.0,0.101,264.0,16.8,Critical
R08_C04,8,4,62139.4,25,46,0.0005,1.0,0.1989,0.0652,0.4016,161.7,36.14,1.0,0.0775,102.1,17.01,Critical
R08_C05,8,5,62139.3,29,49,0.0029,1.0,0.1999,0.3626,0.4452,149.7,36.62,1.0,0.1151,122.5,19.03,Critical
R08_C06,8,6,62139.2,66,72,0.0206,1.0,0.207,2.6051,1.0,30.0,25.72,1.0,0.0909,209.7,53.68,Moderate
R08_C07,8,7,62139.1,59,85,0.0272,0.9502,0.2093,3.476,1.0,30.0,25.0,0.9502,0.0858,209.1,56.35,Moderate
R08_C08,8,8,62139.1,62,59,0.0129,1.0,0.204,1.6356,1.0,30.0,32.74,1.0,0.0709,188.8,43.7,High
R08_C09,8,9,62139.0,41,90,0.0513,1.0,0.2174,6.8141,1.0,30.0,25.0,1.0,0.1036,125.2,67.08,Moderate
R08_C10,8,10,62138.9,71,54,0.7762,0.9368,0.4698,6.6214,1.0,30.0,25.0,0.9368,0.1164,214.7,66.58,Moderate
R08_C11,8,11,62138.8,44,66,0.0506,0.8997,0.2176,6.6942,1.0,30.0,25.0,0.8997,0.126,149.6,66.37,Moderate
R08_C12,8,12,62138.7,94,54,0.0506,0.7224,0.2177,6.6624,1.0,30.0,25.0,0.7224,0.1854,242.6,62.97,Moderate
R08_C13,8,13,62138.6,55,71,0.0447,0.921,0.2155,5.8082,1.0,30.0,25.0,0.921,0.0888,172.4,62.73,Moderate
R08_C14,8,14,62138.5,37,55,0.0025,1.0,0.1991,0.311,0.4623,132.3,36.53,1.0,0.1195,101.8,22.22,Critical
R08_C15,8,15,57864.6,22,0,0.0039,0.1004,0.2013,0.5198,0.5357,80.9,28.0,0.1004,0.2979,122.6,48.02,High
R09_C00,9,0,62139.0,78,47,0.5256,0.8489,0.3791,1.3231,0.9182,42.2,29.45,0.8489,0.1349,215.0,48.64,High
R09_C01,9,1,62138.9,78,92,0.0103,0.9915,0.2036,1.3064,0.9292,68.3,31.86,0.9915,0.0562,248.5,36.22,High
R09_C02,9,2,62138.8,68,90,0.0072,0.9549,0.2024,0.9043,0.7266,92.3,33.18,0.9549,0.1333,213.2,31.97,High
R09_C03,9,3,62138.7,64,79,0.0023,0.9376,0.2006,0.2898,0.4725,127.9,37.11,0.9376,0.1109,218.1,19.21,Critical
R09_C04,9,4,62138.6,13,32,0.0176,1.0,0.2049,2.2455,1.0,30.0,25.49,1.0,0.0693,120.8,57.27,Moderate
R09_C05,9,5,62138.5,102,62,0.0192,1.0,0.2057,2.4458,1.0,30.0,28.86,1.0,0.1467,280.5,47.06,High
R09_C06,9,6,62138.4,107,54,0.02,0.9122,0.207,2.5338,1.0,30.0,25.0,0.9122,0.1133,274.1,52.09,Moderate
R09_C07,9,7,62138.4,60,97,0.0282,0.9834,0.2098,3.5989,1.0,30.0,25.0,0.9834,0.1172,192.1,57.81,Moderate
R09_C08,9,8,62138.3,87,106,0.0097,1.0,0.203,1.2275,0.9113,63.4,33.94,1.0,0.0867,243.7,34.69,High
R09_C09,9,9,62138.2,54,60,0.0126,1.0,0.2038,1.6022,1.0,30.0,28.06,1.0,0.1727,155.4,52.83,Moderate
R09_C10,9,10,62138.1,41,55,0.0113,0.9907,0.2037,1.4368,1.0,62.7,30.46,0.9907,0.0968,157.9,43.72,High
R09_C11,9,11,62138.0,48,63,0.0505,0.9865,0.2175,6.6731,1.0,30.0,25.0,0.9865,0.0842,159.9,64.64,Moderate
R09_C12,9,12,62137.9,58,59,0.0736,0.7498,0.2257,10.0262,1.0,30.0,25.0,0.7498,0.1141,165.7,72.19,Moderate
R09_C13,9,13,62137.8,58,57,0.0658,0.6712,0.2229,8.738,1.0,30.0,25.0,0.6712,0.1081,199.7,68.09,Moderate
R09_C14,9,14,62137.7,64,36,0.0362,1.0,0.2112,4.7095,1.0,30.0,25.0,1.0,0.111,234.9,57.43,Moderate
R09_C15,9,15,57863.8,55,0,0.0133,0.3379,0.2046,1.7939,1.0,30.0,25.0,0.3379,0.2379,188.5,59.65,Moderate
R10_C00,10,0,62138.2,11,20,0.0061,0.3717,0.2021,0.7723,0.6528,70.7,28.73,0.3717,0.2224,98.0,48.4,High
R10_C01,10,1,62138.1,24,18,0.0051,0.3268,0.2017,0.6327,0.6133,79.8,28.89,0.3268,0.2648,62.2,48.85,High
R10_C02,10,2,62138.0,0,2,0.0002,0.1826,0.2,0.0288,0.3826,127.9,29.53,0.1826,0.2804,58.4,39.13,High
R10_C03,10,3,62137.9,0,2,0.0,0.1405,0.2,0.0,0.3329,126.7,33.44,0.1405,0.2764,41.3,34.4,High
R10_C04,10,4,62137.8,2,6,0.0002,0.4021,0.2,0.0243,0.2823,122.6,33.19,0.4021,0.2051,59.6,31.66,High
R10_C05,10,5,62137.7,51,26,0.0181,0.4527,0.2063,2.2835,1.0,30.0,25.0,0.4527,0.195,153.5,61.14,Moderate
R10_C06,10,6,62137.7,34,28,0.0181,0.5345,0.2063,2.2774,1.0,30.0,25.0,0.5345,0.2131,126.6,62.46,Moderate
R10_C07,10,7,62137.6,33,97,0.0303,1.0,0.2104,3.8842,1.0,30.0,25.0,1.0,0.0585,113.0,61.32,Moderate
R10_C08,10,8,62137.5,46,86,0.0121,1.0,0.2033,1.5249,1.0,53.2,32.33,1.0,0.0879,159.5,42.46,High
R10_C09,10,9,62137.4,75,92,0.0017,1.0,0.1996,0.2079,0.366,144.6,37.96,1.0,0.1137,197.0,15.3,Critical
R10_C10,10,10,62137.3,33,26,0.0013,1.0,0.1994,0.1608,0.3941,170.0,38.97,1.0,0.1156,153.2,11.88,Critical
R10_C11,10,11,62137.2,56,70,0.0121,1.0,0.204,1.5218,1.0,41.5,27.89,1.0,0.1252,189.1,49.03,High
R10_C12,10,12,62137.1,86,42,0.7415,0.6063,0.4591,4.7399,1.0,30.0,25.0,0.6063,0.1887,241.6,64.25,Moderate
R10_C13,10,13,62137.0,55,46,0.0265,1.0,0.2077,3.4168,1.0,30.0,25.0,1.0,0.1338,188.1,57.85,Moderate
R10_C14,10,14,62136.9,55,12,0.0356,1.0,0.211,4.614,1.0,30.0,25.0,1.0,0.0702,166.1,60.13,Moderate
R10_C15,10,15,57863.1,33,0,0.0101,0.3411,0.2035,1.3637,0.9203,33.4,26.63,0.3411,0.2483,139.3,58.32,Moderate
R11_C00,11,0,62137.4,0,0,0.0002,0.0,0.2001,0.0197,0.2827,102.0,27.47,0.0,0.3114,39.2,46.88,High
R11_C01,11,1,62137.3,0,0,0.0001,0.0,0.2,0.0091,0.3094,122.1,28.09,0.0,0.3019,37.1,43.3,High
R11_C02,11,2,62137.2,0,6,0.0,0.2265,0.2,0.0,0.3411,124.4,32.88,0.2265,0.2353,69.5,33.38,High
R11_C03,11,3,62137.1,0,6,0.0001,0.8379,0.1993,0.0076,0.3358,161.5,35.44,0.8379,0.1254,32.0,20.75,Critical
R11_C04,11,4,62137.1,0,2,0.0001,0.774,0.1993,0.0076,0.2158,141.6,36.82,0.774,0.1547,70.0,20.51,Critical
R11_C05,11,5,62137.0,41,6,0.0176,0.3806,0.2059,2.2168,1.0,30.0,25.0,0.3806,0.2016,159.7,61.14,Moderate
R11_C06,11,6,62136.9,31,14,0.0181,0.6215,0.2059,2.2896,1.0,30.0,25.0,0.6215,0.2494,109.5,63.6,Moderate
R11_C07,11,7,62136.8,13,56,0.0217,1.0,0.2073,2.7569,1.0,30.0,26.28,1.0,0.1326,25.3,63.16,Moderate
R11_C08,11,8,62136.7,0,12,0.0038,1.0,0.1984,0.487,0.5537,110.4,33.81,1.0,0.0747,54.0,30.59,High
R11_C09,11,9,62136.6,0,6,0.0,0.8516,0.1991,0.003,0.3058,151.8,35.33,0.8516,0.1854,15.4,23.51,Critical
R11_C10,11,10,62136.5,15,19,0.0261,1.0,0.2091,3.3274,1.0,30.0,25.0,1.0,0.133,51.0,64.81,Moderate
R11_C11,11,11,62136.4,44,55,0.0366,1.0,0.2125,4.7384,1.0,30.0,25.0,1.0,0.0762,158.4,60.89,Moderate
R11_C12,11,12,62136.3,35,22,0.8397,0.4057,0.4937,4.7293,1.0,30.0,25.0,0.4057,0.2135,117.9,73.31,Moderate
R11_C13,11,13,62136.2,33,14,0.0272,1.0,0.208,3.5019,1.0,30.0,25.0,1.0,0.082,131.5,60.02,Moderate
R11_C14,11,14,62136.1,39,18,0.0106,1.0,0.2022,1.3352,0.9909,51.6,28.94,1.0,0.1167,114.3,49.09,High
R11_C15,11,15,57862.3,57,4,0.0097,0.3877,0.2034,1.3116,0.9752,30.0,25.0,0.3877,0.2228,224.3,56.26,Moderate
R12_C00,12,0,62136.6,0,0,0.0,0.0,0.2,0.0,0.2738,110.1,29.3,0.0,0.3211,76.7,41.85,High
R12_C01,12,1,62136.5,0,8,0.0,0.176,0.2,0.0,0.2355,122.4,29.76,0.176,0.2656,17.6,39.52,High
R12_C02,12,2,62136.4,0,14,0.0,0.3672,0.2,0.0,0.3491,122.6,33.64,0.3672,0.2447,38.0,33.26,High
R12_C03,12,3,62136.4,0,2,0.0,0.702,0.1993,0.0,0.3085,166.7,34.47,0.702,0.1934,17.0,23.39,Critical
R12_C04,12,4,62136.3,0,2,0.0001,1.0,0.199,0.0091,0.2924,175.7,37.27,1.0,0.0951,72.1,13.56,Critical
R12_C05,12,5,62136.2,50,18,0.0181,0.8506,0.2057,2.2866,1.0,30.0,27.03,0.8506,0.1143,191.8,53.35,Moderate
R12_C06,12,6,62136.1,29,20,0.0004,0.8186,0.1995,0.0516,0.3272,154.0,38.4,0.8186,0.1382,135.2,15.67,Critical
R12_C07,12,7,62136.0,10,16,0.0006,1.0,0.1981,0.0804,0.3291,153.8,36.64,1.0,0.0769,41.6,18.32,Critical
R12_C08,12,8,62135.9,112,48,0.0005,1.0,0.1981,0.0683,0.355,158.6,37.04,1.0,0.1061,308.5,11.76,Critical
R12_C09,12,9,62135.8,22,18,0.0001,1.0,0.1979,0.0106,0.2541,152.3,35.07,1.0,0.0871,106.5,18.33,Critical
R12_C10,12,10,62135.7,9,26,0.0304,1.0,0.2105,3.8918,1.0,30.0,25.0,1.0,0.0953,44.1,65.62,Moderate
R12_C11,12,11,62135.6,67,59,0.0278,1.0,0.2093,3.5717,1.0,30.0,25.0,1.0,0.0776,187.6,57.24,Moderate
R12_C12,12,12,62135.5,29,46,0.0261,0.5354,0.2091,3.3213,1.0,30.0,25.0,0.5354,0.1777,131.4,63.59,Moderate
R12_C13,12,13,62135.4,0,2,0.0263,0.1038,0.2092,3.3502,1.0,30.0,25.0,0.1038,0.2623,31.4,72.84,Moderate
R12_C14,12,14,62135.3,0,10,0.0,0.36,0.2,0.0,0.2987,128.7,33.66,0.36,0.2147,26.7,31.76,High
R12_C15,12,15,57861.6,0,2,0.0,0.0743,0.2,0.0049,0.3192,124.1,32.18,0.0743,0.2851,58.3,36.21,High
R13_C00,13,0,62135.8,0,0,0.0007,0.0,0.2003,0.0926,0.353,123.9,30.88,0.0,0.2471,89.5,36.94,High
R13_C01,13,1,62135.7,0,0,0.0007,0.0,0.2002,0.088,0.3784,121.0,30.3,0.0,0.2529,28.5,40.73,High
R13_C02,13,2,62135.7,0,6,0.0,0.1468,0.2,0.0015,0.2134,130.6,29.45,0.1468,0.2528,27.8,38.08,High
R13_C03,13,3,62135.6,0,6,0.0001,0.2005,0.2,0.0106,0.3632,123.6,28.13,0.2005,0.3066,10.0,43.69,High
R13_C04,13,4,62135.5,1,6,0.0,0.5188,0.2,0.0,0.4065,148.4,31.98,0.5188,0.2162,73.3,29.85,High
R13_C05,13,5,62135.4,13,2,0.0011,0.5653,0.1998,0.135,0.3626,128.9,33.35,0.5653,0.1856,62.3,30.2,High
R13_C06,13,6,62135.3,0,0,0.0,0.4476,0.1995,0.0061,0.3778,142.8,33.59,0.4476,0.2544,65.8,29.56,High
R13_C07,13,7,62135.2,63,38,0.0001,1.0,0.198,0.0167,0.2933,132.8,40.09,1.0,0.1414,191.4,13.96,Critical
R13_C08,13,8,62135.1,200,104,0.0,1.0,0.198,0.0061,0.3388,170.3,38.23,1.0,0.1546,526.8,5.82,Critical
R13_C09,13,9,62135.0,22,12,0.0001,1.0,0.198,0.0182,0.3006,160.7,37.46,1.0,0.08,119.7,14.12,Critical
R13_C10,13,10,62134.9,5,2,0.0291,1.0,0.2101,3.725,1.0,30.0,25.0,1.0,0.0767,69.4,63.61,Moderate
R13_C11,13,11,62134.8,15,24,0.0267,1.0,0.2088,3.423,1.0,30.0,25.0,1.0,0.1005,96.4,62.02,Moderate
R13_C12,13,12,62134.7,5,12,0.0265,0.3305,0.2091,3.3684,1.0,30.0,25.0,0.3305,0.2762,54.5,70.67,Moderate
R13_C13,13,13,62134.6,0,6,0.0001,0.2782,0.2,0.0167,0.2623,140.5,31.65,0.2782,0.2481,22.9,33.59,High
R13_C14,13,14,62134.5,0,26,0.0001,0.7757,0.2,0.0091,0.3245,152.9,35.08,0.7757,0.1448,23.2,23.3,Critical
R13_C15,13,15,57860.9,0,10,0.0,0.3832,0.2,0.0016,0.3312,135.7,32.21,0.3832,0.2687,68.7,32.43,High
R14_C00,14,0,62135.1,0,0,0.011,0.0,0.2039,1.3792,0.9871,30.0,25.0,0.0,0.3183,27.7,70.48,Moderate
R14_C01,14,1,62135.0,0,0,0.0116,0.0,0.2041,1.452,0.9105,30.0,25.0,0.0,0.2959,54.2,68.05,Moderate
R14_C02,14,2,62134.9,0,0,0.0001,0.0046,0.2,0.0137,0.3384,116.1,31.77,0.0046,0.3859,49.2,40.6,High
R14_C03,14,3,62134.8,0,6,0.0002,0.4517,0.2001,0.0197,0.2372,142.2,33.75,0.4517,0.1736,54.8,27.05,High
R14_C04,14,4,62134.7,0,4,0.0004,0.7169,0.2001,0.0501,0.3529,138.2,34.09,0.7169,0.1375,64.0,26.02,High
R14_C05,14,5,62134.6,0,2,0.0005,0.7089,0.1997,0.0577,0.3215,152.0,32.77,0.7089,0.0828,30.9,25.54,High
R14_C06,14,6,62134.5,0,2,0.0001,0.7089,0.1996,0.0091,0.2848,136.4,36.91,0.7089,0.1683,55.5,22.72,Critical
R14_C07,14,7,62134.4,3,4,0.0003,1.0,0.1981,0.0319,0.3375,141.9,39.54,1.0,0.1145,66.9,16.25,Critical
R14_C08,14,8,62134.3,53,22,0.0003,1.0,0.1981,0.0364,0.3457,145.1,34.62,1.0,0.0976,161.0,19.49,Critical
R14_C09,14,9,62134.2,0,2,0.0,0.3644,0.2,0.0015,0.2266,134.3,32.51,0.3644,0.2049,55.6,30.66,High
R14_C10,14,10,62134.1,4,14,0.0065,1.0,0.2022,0.8057,0.6502,98.4,35.13,1.0,0.0677,63.6,31.54,High
R14_C11,14,11,62134.0,3,24,0.0324,1.0,0.2113,4.1453,1.0,30.0,25.0,1.0,0.1003,84.4,64.07,Moderate
R14_C12,14,12,62133.9,0,26,0.0003,0.4145,0.2001,0.0379,0.3414,132.7,33.13,0.4145,0.2932,16.8,33.86,High
R14_C13,14,13,62133.8,0,14,0.0,0.3079,0.2,0.0046,0.2951,148.9,32.04,0.3079,0.2292,57.7,30.49,High
R14_C14,14,14,62133.7,5,18,0.0024,0.3025,0.2008,0.3019,0.4101,102.4,31.32,0.3025,0.2668,56.4,40.36,High
R14_C15,14,15,57860.1,8,12,0.0029,0.2238,0.201,0.391,0.5031,99.1,30.47,0.2238,0.2874,50.5,43.97,High
R15_C00,15,0,62134.3,3,0,0.0112,0.0114,0.2039,1.3989,0.9671,30.0,25.0,0.0114,0.29,82.3,66.75,Moderate
R15_C01,15,1,62134.2,2,0,0.0111,0.0105,0.2039,1.3868,1.0,30.0,25.0,0.0105,0.285,33.9,69.6,Moderate
R15_C02,15,2,62134.1,0,0,0.0,0.0,0.2,0.0061,0.291,109.1,29.69,0.0,0.2849,10.0,43.64,High
R15_C03,15,3,62134.0,0,0,0.0,0.0,0.2,0.0061,0.214,107.9,30.01,0.0,0.3095,39.0,41.97,High
R15_C04,15,4,62133.9,0,2,0.0,0.3524,0.2,0.0046,0.3072,145.0,33.38,0.3524,0.2117,71.5,28.42,High
R15_C05,15,5,62133.8,0,2,0.0,0.3524,0.2,0.0015,0.2376,149.7,34.02,0.3524,0.2132,42.2,27.21,High
R15_C06,15,6,62133.7,0,2,0.0001,0.3524,0.2,0.0091,0.3523,117.7,32.18,0.3524,0.2205,94.0,33.61,High
R15_C07,15,7,62133.6,0,2,0.0,0.3524,0.2,0.0015,0.2757,144.1,32.53,0.3524,0.2529,56.5,30.59,High
R15_C08,15,8,62133.5,0,2,0.0,0.3524,0.2,0.0,0.3405,149.1,33.21,0.3524,0.2579,36.3,30.32,High
R15_C09,15,9,62133.4,0,4,0.0001,0.7169,0.2001,0.0182,0.3017,138.1,36.85,0.7169,0.1624,72.1,22.13,Critical
R15_C10,15,10,62133.3,8,46,0.0059,1.0,0.202,0.7359,0.6672,86.7,33.81,1.0,0.1011,76.9,35.13,High
R15_C11,15,11,62133.2,5,38,0.0063,0.4603,0.2022,0.786,0.6628,86.2,31.64,0.4603,0.2527,51.9,44.53,High
R15_C12,15,12,62133.1,0,20,0.0,0.307,0.2,0.0,0.2582,106.7,32.4,0.307,0.2581,63.9,35.97,High
R15_C13,15,13,62133.0,0,8,0.0024,0.211,0.2008,0.2943,0.5098,110.1,29.0,0.211,0.2114,38.3,43.42,High
R15_C14,15,14,62132.9,4,30,0.0053,0.4655,0.2018,0.6539,0.6263,86.0,28.11,0.4655,0.2177,68.2,47.37,High
R15_C15,15,15,57859.4,47,62,0.0046,0.6445,0.2015,0.6094,0.5372,86.3,32.11,0.6445,0.1281,178.6,34.57,High
